iso639_3,nabu_name,usage,glottocode,glottolog_name,n_candidates,austlang_code,austlang_name,austlang_synonyms,methods,km_from_reference,chirila_picks,choose,notes
wbp,Warlpiri,1918,warl1254,Warlpiri,5,C15,Warlpiri,Warlpiri | Lander Warlpiri | Ngalia | Walbiri | Walmalla | Walpiri | Waneiga | Warlmala | Walpiri | Alpira | Alpiri | Elpira | Ilpara | Ilpira | Ilpirra | Nambulatji | Njambalatji | Ulperra | Wailbri ,"glottolog-name, glottolog-name→synonym, nabu-name, nabu-name→synonym",37,,,
wbp,Warlpiri,1918,warl1254,Warlpiri,5,C15.1,Wakirti Warlpiri,Warlpiri | Eastern Warlpiri | Ali Curung | Hanson River Warlpiri | Warrabri Warlpiri | Ali Curung Warlpiri; Warrabri Warlpiri | Wageer | Wager | Wagier | Wagir | Wahgir | Wahkeer | Wahker | Wahkier | ,"glottolog-name→synonym, nabu-name→synonym",222,,,
wbp,Warlpiri,1918,warl1254,Warlpiri,5,C38,Ngardilypa,Ngardilpa | Warlpiri | Ngardilba/Wanayaga,"glottolog-name→synonym, nabu-name→synonym",147,,,
wbp,Warlpiri,1918,warl1254,Warlpiri,5,C41,Yarlpiri,Lander Yalpari,"chirila:glottocode*, chirila:iso*",121,True,,
wbp,Warlpiri,1918,warl1254,Warlpiri,5,C43,Ngaliya,Warlpiri,"glottolog-name→synonym, nabu-name→synonym",190,,,
gue,Gurindji,1632,guri1247,Gurindji,7,C20,Gurindji,Gurindji | Kuurrinjtji | Gurinji | Kartangarurru | Korindji | Kurintji | Malngin | Tjial | Wandjira | Coorinji | Corringi | Garundji | Goarango | Guirindji | Gurindzi | Gurrinji | Guurindji | Koorangi,"chirila:glottocode, chirila:iso, glottolog-name, glottolog-name→synonym, nabu-name, nabu-name→synonym",77,,,
gue,Gurindji,1632,guri1247,Gurindji,7,K30,Malngin,Gurinji | Gurindji | Kartangarurru | Korindji | Kurintji | Tjial | Wandjira | Maialnga | Mailnga | Malgin | Malngjin | Western,"chirila:iso, glottolog-name→synonym, nabu-name→synonym",111,,,
gue,Gurindji,1632,guri1247,Gurindji,7,C30,Eastern Gurindji,Gurindji | Eastern,"glottolog-name→synonym, nabu-name→synonym",80,,,
gue,Gurindji,1632,guri1247,Gurindji,7,C34,Kartangarurru,Gurindji | Korindji | Kurintji | Malngin | Tjial | Wandjira | Kartangaruru | Pirlingarna,"glottolog-name→synonym, nabu-name→synonym",247,,,
gue,Gurindji,1632,guri1247,Gurindji,7,C35,Kuwarranyji,Gurindji | Kwaranjee | Kwarandji | Kuwarrangu | Kooringee | Coorinji | Goarango | Gurindzi | We arr ung,"glottolog-name→synonym, nabu-name→synonym",211,,,
gue,Gurindji,1632,guri1247,Gurindji,7,K34,Jiyil,Gurindji | Tjial | Kartangarurru | Korindji | Kurintji | Malngin | Wandjira | Djial | Jiyilawung | Cheeal | Jael | Jeelowng | Geelowng,"glottolog-name→synonym, nabu-name→synonym",27,,,
gue,Gurindji,1632,guri1247,Gurindji,7,K21,Wanyjirra,Wanjdjirra | Gurinji | Wandjira | Wadshara | Manu | Manoo,chirila:iso,139,,,
mph,Maung,701,maun1240,Mawng,2,N64,Mawng,Maung | Mawung | Gun marung | Gunmarung | Managari | Manangari | Marung | Mau | Maw | Men ngai | Kunmarung | Mauung | Gunmarang,"chirila:glottocode, chirila:iso, describo, glottolog-name, nabu-name→synonym",17,True,,
mph,Maung,701,maun1240,Mawng,2,C5,Antikarinya,Antikarinya | Antakarinya | Antakarinja | Andagirinja | Aldolinga | Alinjerra | Aluna Aluna | Andagarindja | Andagarinja | Andakirinja | Andayarinja | Andegilliga | Andekarinja | Andekerinja | Andgari,nabu-name→synonym,1710,,,
gup,Gunwinggu,654,gunw1252,Bininj Kun-Wok,8,N44,Mayali,Gunwinjgu | Mayali | Bininj Gun wok | Neinggu | Gunwinggu | Kundjeymi | Djeibmi | Gundjeibmi | Maia:li | Maiaili | Maiali | Maiawali | Maieli | Maielli | Mailly | Majali | Majeli | Majuli | Mayaalia |,"chirila:glottocode, chirila:iso, nabu-name→synonym",217,,,
gup,Gunwinggu,654,gunw1252,Bininj Kun-Wok,8,N65,Kunwinjku,Gunwinjgu | Mayali | Bininj Gun wok | Neinggu | Gunwinggu | Mangeri | Mengerrdji | Menngarr | Gumawurag | Gunawitji | Gundeidjeme | Gundeijeme | Gundjajeimi | Gundjeibmi | Gundjeipmi | Gunei | Gunrerg,"chirila:glottocode, chirila:iso, nabu-name→synonym",23,,,
gup,Gunwinggu,654,gunw1252,Bininj Kun-Wok,8,N70,Kune,Gunwinggu,"chirila:glottocode, chirila:iso, nabu-name→synonym",112,,,
gup,Gunwinggu,654,gunw1252,Bininj Kun-Wok,8,N71,Gundjeihmi,Kundjeymi | Djeibmi | Gundjeibmi | Mayali | Gundeidjeme | Gundeidjemi | Gundjeipmi | Djebmi | Gunwinggu | Gundjepmi | Gundjipmi | Gundeij e me | Djeihmi | Djepmi | Maiali | Gunwingu | Gunwingo | Wengi,"chirila:glottocode, chirila:iso, nabu-name→synonym",84,,,
gup,Gunwinggu,654,gunw1252,Bininj Kun-Wok,8,N186,Bininj Gun-wok / Bininj Kunwok,Kunwinjkuan | Bininj Gunwok,glottolog-name,34,,,
gup,Gunwinggu,654,gunw1252,Bininj Kun-Wok,8,N201,Gumadir,Gunwinggu,nabu-name→synonym,27,,,
gup,Gunwinggu,654,gunw1252,Bininj Kun-Wok,8,N221,Muralidban,Gunwinggu,nabu-name→synonym,90,,,
gup,Gunwinggu,654,gunw1252,Bininj Kun-Wok,8,N53,Mengerrdji,Mangerr | Gunwinggu | Mengerrdji/Menngarr | Kunwinjku | Mangeri | Menngarr | Ari | Eireij | Ere | Erei | Erej | Erre | Mangerei | Mennagi | Mengerei | Mengerdji | Mangerdji | Mengerr | Manger | Mangar,nabu-name→synonym,36,,,
mwf,Murrinh-Patha,538,murr1258,Murriny Patha,4,N3,Murrinh-patha,Murrinh patha | Murinbata | Muringura | Murrinhkura | Murinjbada | Murinypata | Murinypatha | Murrinh diminin | Murrinh gurra | Murrinhpatha | Murinjpata | Murinbada | Marri wutha | Karama | Garama | ,"chirila:glottocode, chirila:iso, nabu-name, nabu-name→synonym",32,True,,
mwf,Murrinh-Patha,538,murr1258,Murriny Patha,4,N158,Murrinh-kura,Murrinh patha | Muringura/Murrinhkura | Murinbata | Muringura | Murrinhkura | Murinkura,nabu-name→synonym,27,,,
mwf,Murrinh-Patha,538,murr1258,Murriny Patha,4,N159,Murrinhdiminin,Murrinh patha,nabu-name→synonym,40,,,
mwf,Murrinh-Patha,538,murr1258,Murriny Patha,4,N34,Garama,Murrinh Patha | Djamindjung name for Murrinh Patha,nabu-name→synonym,,,,
rxd,Ngardi,483,ngar1288,Ngardi,4,A69,Bunara,Ngardi | Ngardilj | Ngarti | Waringari | Boonarra | Buna:ra | Ngadi | Ngari | Ngati | Panara | Boonara | Waiangara | Kolo | Waiangari | Wain gara | Waiangadi | Warangari | Kukuruba | Woneiga | Wanayag,"chirila:glottocode, chirila:iso, glottolog-name→synonym, nabu-name→synonym",35,True,,
rxd,Ngardi,483,ngar1288,Ngardi,4,A121,Ngardi,,"describo, glottolog-name, nabu-name",,,,
rxd,Ngardi,483,ngar1288,Ngardi,4,A63,Waringari,Ngarti | Ngardi | Waiangara,"glottolog-name→synonym, nabu-name→synonym",,,,
rxd,Ngardi,483,ngar1288,Ngardi,4,C15,Warlpiri,Warlpiri | Lander Warlpiri | Ngalia | Walbiri | Walmalla | Walpiri | Waneiga | Warlmala | Walpiri | Alpira | Alpiri | Elpira | Ilpara | Ilpira | Ilpirra | Nambulatji | Njambalatji | Ulperra | Wailbri ,"glottolog-name→synonym, nabu-name→synonym",220,,,
aer,"Arrernte, Eastern",463,east2379,Eastern Arrernte,2,C8,Arrernte,Aranda | Ikngerripenhe | Eastern Aranda | Mparntwe Arrernte | Central Aranda | Tyuretye Arrernte | Arrernte Alturlerenj | Western Aranda | Pertame | Southern Aranda | Arrarnta | Western | Eastern | Al,"glottolog-name→synonym, nabu-name→synonym",101,,,
aer,"Arrernte, Eastern",463,east2379,Eastern Arrernte,2,C8.1,Anmatyerr,Anmatjirra | Anmatyerre | Anmatjera | Unmatjera | Imatjera | Urmitchee | Anmadjara | Anmatjere | Anmajirra | Nmatjera | Anmatjara | Janmadjara | Janmadjari | Janmatjiri | Yanmedjara | Yanmadjari | Ara,"chirila:glottocode, chirila:iso",220,True,,
bvr,Burarra,330,bura1267,Burarra,6,N191,Gun-narta,Gu-jingarliya | Gidjingali | An-barra | Anbara | Burarra | Burrara,"chirila:glottocode*, chirila:iso*, glottolog-name→synonym, nabu-name→synonym",26,True,,
bvr,Burarra,330,bura1267,Burarra,6,N135,Burarra,Burera | Burratha,"describo, glottolog-name, nabu-name",,,,
bvr,Burarra,330,bura1267,Burarra,6,N82,Burarra,Anbarra | Gadjalivia | Gidjingali | Bara | Barada | Barara | Barea | Barera | Baurera | Bawera | Birarra | Burada | Burara | Burera | Gidjingale | Gudjalayia | Gurmadja madja | Jikai | Ku jarlapiyi | ,"describo, glottolog-name, nabu-name",28,,,
bvr,Burarra,330,bura1267,Burarra,6,N190,Gun-narda,Gunarda | Gu-jingarliya | Gidjingali | Martay | Burarra,"glottolog-name→synonym, nabu-name→synonym",38,,,
bvr,Burarra,330,bura1267,Burarra,6,N81,Gun-nartpa,also known as Gudjarlabiya | Burarra | Guadba | Gunaidbe | Gunardba | Kun nartpi | Mugali | Mu-golarra | Mukarli,"glottolog-name→synonym, nabu-name→synonym",22,,,
bvr,Burarra,330,bura1267,Burarra,6,N86,Gadjalivia,Burarra | Anbarra | Gidjingali | Gudjalavia | Gudjalabia | Gajalivia | Gudjalibi | Gudalavia | Gudjaliba | Gadjal ibi | Gadjalibir,"glottolog-name→synonym, nabu-name→synonym",,,,
dmw,Mudburra,317,mudb1240,Mudburra,3,C25,Mudburra,Mudburra | Mudbura | Mutpura | Mutpura; Madbara | Moodburra | Mootburra | Mudbara | Mudbera | Mulpira | Mudbura; Moodburra | Mudbra | Mutburra | Mudburra; Mudbura | Madbara | Mutpurra,"chirila:glottocode, glottolog-name, glottolog-name→synonym, nabu-name, nabu-name→synonym",87,True,,
dmw,Mudburra,317,mudb1240,Mudburra,3,C31,Eastern Mudburra,Mudburra | Eastern,"glottolog-name→synonym, nabu-name→synonym",95,,,
dmw,Mudburra,317,mudb1240,Mudburra,3,C36,Western Mudburra,Mudburra | Western,"glottolog-name→synonym, nabu-name→synonym",93,,,
wrg,Warungu,300,waru1264,Warrongo,5,Y133,Warrungu,Warungu | Gugu Badhun | Gudjal | Guridjal | Kokopatun | Kutjala | Bara Warrialgona | Kuritjal | Warrialgona,"chirila:glottocode, chirila:iso, nabu-name→synonym",95,,,
wrg,Warungu,300,waru1264,Warrongo,5,E60,Gudjal,Warungu | Gudjala | Gudjali | Koochul bura | Kutjala,"chirila:iso?, nabu-name→synonym",197,,,
wrg,Warungu,300,waru1264,Warrongo,5,L42,Yirandali,Yirandhali | Warungu | Dalleburra | Jirandali | Dalebura | Dalleyburra | Irendely | Pooroga | Yerrundulli | Yerrunthully | Yirendali | Dal leyburra,nabu-name→synonym,323,,,
wrg,Warungu,300,waru1264,Warrongo,5,Y128,Gugu Badhun,Gudjal | Guridjal | Kokopatun | Kutjala | Warungu | Badun | Breaba | Breeaba | Jullanku | Koko Padun | KokoPatun | Koko Badun | Patun | Koko Patun,nabu-name→synonym,103,,,
wrg,Warungu,300,waru1264,Warrongo,5,Y216,Ngaygungu,Warungu,nabu-name→synonym,143,,,
wrl,Warlmanpa,260,warl1255,Warlmanpa,2,C17,Warlmanpa,Walmanba | Wanmampa | Walmamba | Warlmanpa; Walmanba | Walmunba | Wanmanpa | Warlmanba | Walmala | Walmanpa | Walpiri | Albura | Alpira | Alpiri | Elpira | Ilpara | Ilpira | Ilpirra | Nam bulatji | Nj,"chirila:glottocode, chirila:iso, describo, glottolog-name, nabu-name",109,True,,
wrl,Warlmanpa,260,warl1255,Warlmanpa,2,C42,Warrmarla,Walmala | Warlmanpa | Warrmarrla,"glottolog-name→synonym, nabu-name→synonym",464,,,
ntj,Ngaanyatjarra,236,ngaa1240,Ngaanyatjarra,3,A38,Ngaanyatjarra,Ngaanjatjarra | Nana | I:nabadanggural | Jumudjara | Kalgonei | Kalgoneidjara | Kalguni | Kuwaratjara | Nangandjara | Nangaridjara | Ngaanjadjara | Ngan:adjara | Ngana | Nganadjara | Ngatari | Nona | ,"chirila:glottocode, chirila:iso, describo, glottolog-name, nabu-name",25,,,
ntj,Ngaanyatjarra,236,ngaa1240,Ngaanyatjarra,3,A17,Nangadadjara / Nyanganyatjara,Ngaanyatjarra | Murunitja | Nangatadjara | Pindini | Tjeraridjal | Wanggatha | Alindjara | Ditu | Dituwonga | Nangandjara | Nangata | Nangatatjara | Nanggaranggu | Nanggatha | Ngaanyatjara | Ngalapita,"chirila:glottocode, chirila:iso, glottolog-name→synonym, nabu-name→synonym",428,,,
ntj,Ngaanyatjarra,236,ngaa1240,Ngaanyatjarra,3,A43,Ngaatjatjarra,Ngaatjatjarr | Ngaanyatjarra | Ngaadjadjara | Ngatatjara | Ngadadjara | Bidungu | Madutjara | Maliar:a | Nalada | Ngaatjatarra | Ngada | Ngadawangga | Ngadawongga | Ngadhawonga | Ngaiawongga | Ngaiu w,"glottolog-name→synonym, nabu-name→synonym",120,,,
ngk,Dalabon,202,ngal1292,Ngalkbun,3,N60,Dalabon,Ngalkbun | Dangbon | Dalabon ?Gundangbon | Dangbon/Dalabon | Gundalabon | Dangbun | Ngalkbon | Ngalgbon | Ngalgbun | Ngalkbon consist of the word for “mouth? in the relevant language plus an element b,"chirila:glottocode, chirila:iso, glottolog-name→synonym, nabu-name",74,True,,
ngk,Dalabon,202,ngal1292,Ngalkbun,3,N76,Ngalkbon,Ngalkbun | Dalabon | Ngalabon | Ngalgbon | Njalkpon,"glottolog-name→synonym, nabu-name→synonym",,,,
ngk,Dalabon,202,ngal1292,Ngalkbun,3,N89,Buan,Dalabon | Bouin | Boun | Buwan,nabu-name→synonym,,,,
rit,Ritharrngu,195,rita1239,Ritharrngu,2,N149,Dhiyakuy,Yolngu | Diakui | Ritharngu | Daii | Djinang | Djinba | Dijogoi | Djikai | Jikai | Tchikai,"chirila:glottocode, chirila:iso",,True,,
rit,Ritharrngu,195,rita1239,Ritharrngu,2,N104,Ritharrŋu,Ritharngu | Yakuy | Ritarungo | Yolngu | Daii | Diakui | Djinang | Djinba | Diagoi | Dijogoi | Diyaguyi | Ridarngo | Ridarngu | Ridarrngu | Ridharrngu | Ritaringo | Ritarngo | Ritarngu | Ritarnu | Rit,describo,55,,,
wmb,Wambaya,136,wamb1258,Wambayan,2,C19,Wambaya,Wambaia | Wombaya | Wambaia; Umbaia | Umbia | Wambaja | Wampaja | Wom by a | Wombaia | Wombya | Wonbaia | Yumpia | Wambaya; Umbaia | Wampaya; Umbaia | Wampaya | Wobya | Wambaya; Wambaia | Umbaia | Wai,"chirila:glottocode, chirila:iso, nabu-name",80,,,
wmb,Wambaya,136,wamb1258,Wambayan,2,N138,Binbinka,Gudanji | Binbinga | Binbingha | Pinbinga | Leepitbinga | Bing Binga,chirila:iso,132,,,
xmu,Kamu,136,kamu1258,Kamu,2,N33,Kamu,Malak Malak | Gamu/Kamor | Gamu | Junggor | Kamor | Madngela | Matngela | Mulluk Mulluk | Ngulul Wanggar | Wooliana | Yunggor | Gamor | Gamy | Kamorrkir | Komorrkir | Murra Kamangee | Ngangigmor,"chirila:glottocode, chirila:iso, describo, glottolog-name, nabu-name",35,True,,
xmu,Kamu,136,kamu1258,Kamu,2,D23,Gamilaraay / Gamilaroi / Kamilaroi,Euahlayi | Guyinbaray | Juwalarai | Ualarai | Walarai | Weraerai | Wirajarai | Kamilarai | Kamilroi | Kamalarai | Koomilroi | Gunilroi | Guminilroi | Gumilray | Camleroy | Euhahlayi | Gamilray | North,"glottolog-name→synonym, nabu-name→synonym",2636,,,
mfr,Marrithiyel,126,mari1424,Marithiel,4,N7,Marrithiyel,Marithiel | Brinken | Marri Ammu | Marridan | Marrisjefin | Matige | Berinken | Berinkin | Berringin | Brinkan | Magatige | Marathiel | Maridhiel | Maridiel | Maridiyal | Maridiyel | Marithid | Mariti,"chirila:glottocode, chirila:iso, glottolog-name→synonym, nabu-name",25,True,,
mfr,Marrithiyel,126,mari1424,Marithiel,4,N162,Marri Amu,Marri Ammu | Marithiel | Mareammu,glottolog-name→synonym,47,,,
mfr,Marrithiyel,126,mari1424,Marithiel,4,N163,Magati Ke,Magatige | Marti Ke | Marrithiyel | Matige | Brinken | Marri Ammu | Marridan | Marrisjefin | Magadige | Marri ge | Murrinh ge | Murrinh Ke | Muringair | Maritige | Muringata | Muringa | Muringe | Beri,nabu-name→synonym,61,,,
mfr,Marrithiyel,126,mari1424,Marithiel,4,N9,Marridan,Maridan | Marrithiyel | Brinken | Marri Ammu | Marrisjefin | Matige | Murindan | Nordanimin | Maredan,nabu-name→synonym,15,,,
waq,Wagiman,121,wage1238,Wageman,4,N27,Wagiman,Wageman | Airiman | Tagoman | Wagoman | Ongkakaringa | Wagaman | Wogeman | Wongkakaringa | Wakiman | Wogeman; Wongkakaringa,"chirila:glottocode, chirila:iso, glottolog-name→synonym, nabu-name",80,,,
waq,Wagiman,121,wage1238,Wageman,4,Y108,Wagaman,Agwamin | Wakamon | Ewamin | Wakara | Okenyika | Tjapatja | Wakaman | Wakkamon | Warkaman | Warkamin | Warkeeman | Warkeemon | Wataman | Warkeemin | Warkemon | Wata man,"chirila:glottocode, chirila:iso",,,,
waq,Wagiman,121,wage1238,Wageman,4,N205,Airiman,Ngarinyman | Wagiman | Tagoman | Wagoman,nabu-name→synonym,,,,
waq,Wagiman,121,wage1238,Wageman,4,N38,Dagoman,Wagiman | Tagoman | Airiman | Wagoman | Wogba | Togeman | Dogeman | Togiman,nabu-name→synonym,64,,,
zmr,Maranunggu,92,mara1386,Maranunggu,2,N13,Maranunggu,Ami | Amijangal | Emmi | Emmiyangal | Manhthi Yangal | Maranjwarrgat | Menhtha | Merranunggu | Maramanunggu | Maranunga | Maranunggo | Maranungo | Maringar | Maringa | Marinunggo | Marranunga | Maranu,"describo, glottolog-name, nabu-name",19,,,
zmr,Maranunggu,92,mara1386,Maranunggu,2,N15,Emmi,Emmi/Merranunggu | Warrgat | Arnhem Land | Daly River Region Languages | Ami | Maranunggu | Amijangal | Emmiyangal | Manhthi Yangal | Maranjwarrgat | Menhtha | Merranunggu | Ami Ami | Ame | Berringin,"chirila:iso, glottolog-name→synonym, nabu-name→synonym",18,True,,
dji,Djinang,90,djin1253,Djinang,10,N94.1,Djinang,Djinang dialects | Yolngu | Ritharngu | Daii | Diakui | Djinba | Jandjinung | Yandijinang | Yandjinung | Jinang | Jandji:nangc | Jandjinang | Jand jinung | Yandjinning | Yandjinang | Djinnang | Djinha,"chirila:glottocode, chirila:iso, describo, glottolog-name, nabu-name",15,True,,
dji,Djinang,90,djin1253,Djinang,10,N104,Ritharrŋu,Ritharngu | Yakuy | Ritarungo | Yolngu | Daii | Diakui | Djinang | Djinba | Diagoi | Dijogoi | Diyaguyi | Ridarngo | Ridarngu | Ridarrngu | Ridharrngu | Ritaringo | Ritarngo | Ritarngu | Ritarnu | Rit,"glottolog-name→synonym, nabu-name→synonym",85,,,
dji,Djinang,90,djin1253,Djinang,10,N116.R,Marrungun,Murrungun | Djinang,"glottolog-name→synonym, nabu-name→synonym",,,,
dji,Djinang,90,djin1253,Djinang,10,N118,Dhay'yi,Dhayyi | Dayi | Yolngu | Daii | Ritharngu | Diakui | Djinang | Djinba | Dai | Dhayi | Taii Tai | Dalwango | Dalwongo | Dalwongu | Darlwongo | Dhalwangu | Djawark | Djarlwa:g,"glottolog-name→synonym, nabu-name→synonym",144,,,
dji,Djinang,90,djin1253,Djinang,10,N149,Dhiyakuy,Yolngu | Diakui | Ritharngu | Daii | Djinang | Djinba | Dijogoi | Djikai | Jikai | Tchikai,"glottolog-name→synonym, nabu-name→synonym",,,,
dji,Djinang,90,djin1253,Djinang,10,N204,Mildjingi,Djinang,"glottolog-name→synonym, nabu-name→synonym",,,,
dji,Djinang,90,djin1253,Djinang,10,N206,Djadiwitjibi,Djardiwitjibi | Djinang,"glottolog-name→synonym, nabu-name→synonym",,,,
dji,Djinang,90,djin1253,Djinang,10,N94,Balmbi,Djinang | Barlmawi | Jandjinung | Yandijinang | Yandjinung | Balmawi | Jandjinang | Jand jinung | Yandjinning | Yandjinang | Djinnang | Djinhang | Milingimbi | Millingimbi | Wulllakki | Wulaki | Ullak,"glottolog-name→synonym, nabu-name→synonym",,,,
dji,Djinang,90,djin1253,Djinang,10,N95,Wurlaki,Wulaki | Djinang | Jandjinang | Jand jinung | Yandjinung | Yandjinning | Yandjinang | Djinnang | Djinhang | Milingimbi | Millingimbi | Wulllakki | Ullaki | Wulagi | Balmbi | Balmawi | Barlmawi | Manja,"glottolog-name→synonym, nabu-name→synonym",,,,
dji,Djinang,90,djin1253,Djinang,10,N97,Djinba,Yolngu | Ritharngu | Daii | Diakui | Djinang | Jinba | Djimba | Outjanbah | Gunalbingu | Ganalbwingu | Kurkamarnapia,"glottolog-name→synonym, nabu-name→synonym",39,,,
mpb,Malak Malak,89,mull1237,Mullukmulluk,3,N22,Malak Malak,Mullukmulluk | Gamu | Junggor | Kamor | Madngela | Matngela | Mulluk Mulluk | Ngulul Wanggar | Wooliana | Yunggor | Djiramo | Malack malack | Malag Malag | Malagmalag | Mallackmallack | Mallak mallak ,"chirila:iso, glottolog-name→synonym, nabu-name",18,True,,
mpb,Malak Malak,89,mull1237,Mullukmulluk,3,N12,Matngala,Matngele | Madngele | Malak Malak | Madngela/Matngela | Gamu | Junggor | Kamor | Madngela | Matngela | Mulluk Mulluk | Ngulul Wanggar | Wooliana | Yunggor | Hermit Hill tribe | Maangella | Madngala | ,"glottolog-name→synonym, nabu-name→synonym",47,,,
mpb,Malak Malak,89,mull1237,Mullukmulluk,3,N33,Kamu,Malak Malak | Gamu/Kamor | Gamu | Junggor | Kamor | Madngela | Matngela | Mulluk Mulluk | Ngulul Wanggar | Wooliana | Yunggor | Gamor | Gamy | Kamorrkir | Komorrkir | Murra Kamangee | Ngangigmor,"glottolog-name→synonym, nabu-name→synonym",24,,,
wux,Wulna,85,wuln1239,Wulna,2,N29,Wuna,Wulna | Woolna | Djerimanga | Beriguruk | Wolna | Woolner | Wulnar | Birrigarak | Berrigurruk | Berugurruk | Djeramanga | Jermangel | Waak | Woolnah | Woolner for Djerimanga | Perrigurruk | Eri | Erei,"chirila:glottocode, chirila:iso, glottolog-name→synonym, nabu-name→synonym",23,True,,
wux,Wulna,85,wuln1239,Wulna,2,N32,Wulwulam,Beriguruk | Aggradundi | Aggrakundi | Agigondin | Agikwala | Agiqwolla | Agiwallem | Agoguila | Agrakundi | Agrikondi | Aquguila | Awinmil | Awinmul | Awinnmull | Giyuk | Oolawunga | Oolwunga | Peron ,"glottolog-name→synonym, nabu-name→synonym",172,,,
piu,Pintupi-Luritja,84,pint1250,Pintupi-Luritja,2,C10,Pintupi,Pintupi Luritja | Bindubi | Ildawonga | Wenamba | Bindaboo | Bindabu | Bindiboo | Bindibu | Bindooboo | Bindubu | Kalgonei | Kalgoneidjara | Kalguni | Loritja | Luridja | Luritja | Matjunalatara | Pan,"chirila:glottocode, chirila:iso, glottolog-name→synonym, nabu-name→synonym",313,True,,
piu,Pintupi-Luritja,84,pint1250,Pintupi-Luritja,2,C7.1,Luritja,Luritja | Pintupi Luritja | Jumu | Kukatja | Loritja | Matuntara | Ngalia | Aluratja | Aluratji | Aluridia | Aluridja | Lo rit ya | Loorudgee | Loorudgie | Loritcha | Loritya | Luridja | Luritcha | Lu,"glottolog-name→synonym, nabu-name→synonym",314,,,
pit,Pitta Pitta,80,pitt1247,Pitta Pitta,9,G6,Pitta Pitta,Pitha Pitha | Karanja | Kungkalenja | Pitapita | Rakkaia | Ringaringa | Bida Bida | Bidabida | Bitta Bitta | Bittha Bittha | Narrinyeri | Paruru | PittaPitta | Pittapitta | Ramindjerar | Ramindjeri | ,"describo, glottolog-name, glottolog-name→synonym, nabu-name, nabu-name→synonym",32,,,
pit,Pitta Pitta,80,pitt1247,Pitta Pitta,9,L32,Karanya,Karanja | Pitta Pitta | Karenya | Kurrana | Mooraboola Moorloobulloo | Ngulubulu | Ooloopooloo,"chirila:iso, glottolog-name→synonym, nabu-name→synonym",177,True,,
pit,Pitta Pitta,80,pitt1247,Pitta Pitta,9,G2,Ulaolinya,Yurla Yurlanja | Ulaolinya | Lhanima | Tharlimanha | Wangga Manha | Pitta Pitta | Lanima | Ulaolinja | Ju:lanja | Ju:lanji | Yoolanlanya | U la linya | U la linye | U lay linye | Uluonga | Jura,"glottolog-name→synonym, nabu-name→synonym",,,,
pit,Pitta Pitta,80,pitt1247,Pitta Pitta,9,G3,Kunkalanya,Kunkalanja | Pitta Pitta | Kungkalenya | Kunkulenje | Koonkoolenya | Koomkoolenya | Koon kalinga | Koonkalinye,"glottolog-name→synonym, nabu-name→synonym",118,,,
pit,Pitta Pitta,80,pitt1247,Pitta Pitta,9,G4,Rakaya,Pitta Pitta | Rakkaia | Rukkia,"glottolog-name→synonym, nabu-name→synonym",72,,,
pit,Pitta Pitta,80,pitt1247,Pitta Pitta,9,G40,Ngulupulu,Pitta Pitta | Karanya | Karenya | Kurrana | Mooraboola Moorloobulloo | Ngulubulu | Ooloopooloo,"glottolog-name→synonym, nabu-name→synonym",141,,,
pit,Pitta Pitta,80,pitt1247,Pitta Pitta,9,G48,Rangwa,Runga Rungawa | Pitta Pitta | Runga Rungawah | Ringarungawah | Dun gadungara | Rungo Rungo,"glottolog-name→synonym, nabu-name→synonym",,,,
pit,Pitta Pitta,80,pitt1247,Pitta Pitta,9,G7,Ringu Ringu,Pitta Pitta | Ringaringa | Karanja | Kungkalenja | Pitapita | Rakkaia | Njuntauntaya | Oringaroo | Ringa | Ringa Oringaroo | RingaRinga | Ringa Ringa | Ringa ringaroo | Ringoringo | Ringu ringu | Ring,"glottolog-name→synonym, nabu-name→synonym",30,,,
pit,Pitta Pitta,80,pitt1247,Pitta Pitta,9,S8,Yaraldi,Yaralde | Yaralde Tingar | Narrinyeri | Jaralde | Jaraldi | Jarildekald | Jarildi | Jarildikald | Lakalinyeri | Narrinyerree | Narrinjeri | Narrinyerrie | Pitta | Pitta pitta | Warawalde | Yalawarre |,"glottolog-name→synonym, nabu-name→synonym",1409,,,
mpj,Martu Wangka,79,mart1256,Martu Wangka,7,A51.1,Manyjilyjarra,Martu Wangka | Manyjilyjara | Mardu | Mandjildjara/Manyjilyjarra | Budijarra | Gardujarra | Giyajarra | Kartudjara | Keiadjara | Mandjildjara | Potidjara | Wanman | Jindi | Katutjara | Madu | Maduwong,"chirila:glottocode, chirila:iso, glottolog-name→synonym, nabu-name→synonym",153,,,
mpj,Martu Wangka,79,mart1256,Martu Wangka,7,A51,Kartujarra,Kartutjarra | Martu Wangka | Katutjara | Katudjara | Katatjara | Kardudjara | Gadudjara | Wal mala | Orailku | Ngadari,"chirila:iso, glottolog-name→synonym, nabu-name→synonym",164,,,
mpj,Martu Wangka,79,mart1256,Martu Wangka,7,A67,Yulparija,Yulparitja | Martu Wangka | Julbaridja | Nangatara | Yurlparija | Julbarida | Julbre | Julbri | Yulaparitya | Yulbari dja | Yulbaridja | Yulbaridya | Yulbarija | Yulbri | Yurlbaridya | YulapaRitya | Y,"chirila:iso, glottolog-name→synonym, nabu-name→synonym",275,,,
mpj,Martu Wangka,79,mart1256,Martu Wangka,7,A86,Martu Wangka,,"describo, glottolog-name, nabu-name",,,,
mpj,Martu Wangka,79,mart1256,Martu Wangka,7,A87,Wangkajunga,Martu Wangka | Wanggadjunga,"chirila:iso*, glottolog-name→synonym, nabu-name→synonym",425,,,
mpj,Martu Wangka,79,mart1256,Martu Wangka,7,A54,Putijarra,Western Desert Language | Martu Wangka | Pawututjara | Potitjara | Putitjara | Budidjara | Bududjara | Purdi tara | Pawutudjara | Paodudjara | Patudja | Pa tudjara | Partutudjara | Bawndudjara | Partu,"glottolog-name→synonym, nabu-name→synonym",452,,,
mpj,Martu Wangka,79,mart1256,Martu Wangka,7,A6,Maduwongga,Martu Wangka | Manjtjiltjara | Martu | Wangka | Mardu | Budijarra | Gardujarra | Giyajarra | Kartudjara | Keiadjara | Mandjildjara | Manyjilyjarra | Potidjara | Wanman | Jindi | Julbaritja | Kabul | M,"glottolog-name→synonym, nabu-name→synonym",0,,,
wbt,Warnman,76,wanm1242,Wanman,4,A62,Warnman,Wanman | Mardu | Budijarra | Gardujarra | Giyajarra | Kartudjara | Keiadjara | Mandjildjara | Manyjilyjarra | Potidjara | Nanidjara | Nenidjara | Njanidjara | Wanman Wanman | Wanmanba | Wanmin | Warum,"chirila:glottocode, chirila:iso, glottolog-name→synonym, nabu-name",91,True,,
wbt,Warnman,76,wanm1242,Wanman,4,A51.1,Manyjilyjarra,Martu Wangka | Manyjilyjara | Mardu | Mandjildjara/Manyjilyjarra | Budijarra | Gardujarra | Giyajarra | Kartudjara | Keiadjara | Mandjildjara | Potidjara | Wanman | Jindi | Katutjara | Madu | Maduwong,glottolog-name→synonym,265,,,
wbt,Warnman,76,wanm1242,Wanman,4,A52,Kiyajarra,Mardu | Giyajarra/Keiadjara | Budijarra | Gardujarra | Giyajarra | Kartudjara | Keiadjara | Mandjildjara | Manyjilyjarra | Potidjara | Wanman | Giadjara | Giyadyara | Giyadjara | Keiatara | Keredjara ,glottolog-name→synonym,382,,,
wbt,Warnman,76,wanm1242,Wanman,4,A6,Maduwongga,Martu Wangka | Manjtjiltjara | Martu | Wangka | Mardu | Budijarra | Gardujarra | Giyajarra | Kartudjara | Keiadjara | Mandjildjara | Manyjilyjarra | Potidjara | Wanman | Jindi | Julbaritja | Kabul | M,glottolog-name→synonym,155,,,
wrb,Warluwara,74,warl1256,Warluwara,3,G10,Waluwarra,Warluwara | Warluwarra | Waluwara | Didjadidja | Elookera | Kapula | Maula | Maule | Mauula | Pangara | Panggara | Paringgara | Walgra | Wallawarra | Waloo kera | Walookera | Walugara | Walugera | Wal,"chirila:glottocode, chirila:iso, glottolog-name→synonym, nabu-name→synonym",67,True,,
wrb,Warluwara,74,warl1256,Warluwara,3,G41,Parnkarra,Warluwara | Barngara,"glottolog-name→synonym, nabu-name→synonym",115,,,
wrb,Warluwara,74,warl1256,Warluwara,3,G43,Kapula,Warluwara | Gabula,"glottolog-name→synonym, nabu-name→synonym",23,,,
ibd,Iwaidja,66,iwai1244,Iwaidja,5,N39,Iwaidja,Iwaydja | Adawuli | Djalakuru | Gaari | Garrig | Jaako | Jiwadza | Marlgu | Oitbi | Uruku | Wurango | Eae warge ga | Eaewandja | Eaewardja | Eaewarga | Eawaitja | Eewardja | Eiwaja | Gari | Idjduwa | ,"chirila:glottocode, chirila:iso, describo, glottolog-name, nabu-name",40,True,,
ibd,Iwaidja,66,iwai1244,Iwaidja,5,N188,Garig,Garik | Iwaidja | Gaari | Adawuli | Djalakuru | Garrig | Jaako | Jiwadza | Marlgu | Oitbi | Uruku | Wurango | Gurik | Gari,"glottolog-name→synonym, nabu-name→synonym",11,,,
ibd,Iwaidja,66,iwai1244,Iwaidja,5,N45,Marrku,Marrgu | Terrutong | Yaako | Raffles Bay language | Croker Island language | Margu | Iwaidja | Marlgu | Adawuli | Djalakuru | Gaari | Garrig | Jaako | Jiwadza | Oitbi | Uruku | Wurango | Ajokoot | Mag,"glottolog-name→synonym, nabu-name→synonym",23,,,
ibd,Iwaidja,66,iwai1244,Iwaidja,5,N46,Oitbi,Iwaidja | Adawuli | Djalakuru | Gaari | Garrig | Jaako | Jiwadza | Marlgu | Uruku | Wurango | Bidjenelumbo | Bijnalumbo | Binjnalumbo | Bynalumbo | Heutbi | Oidbi | Oitbo | Bidjene lumbo,"glottolog-name→synonym, nabu-name→synonym",,,,
ibd,Iwaidja,66,iwai1244,Iwaidja,5,N58,Jalakuru,Iwaidja | Djalakuru | Adawuli | Gaari | Garrig | Jaako | Jiwadza | Marlgu | Oitbi | Uruku | Wurango | Djalaguru,"glottolog-name→synonym, nabu-name→synonym",,,,
nam,Ngan’gityemerri,60,nang1259,Nangikurrunggurr,3,N157,Ngan'gi,NGANGI | Ngan | gi tjemerri | Nangikurrunggurr | Tyemeri | Nangityemeri,"chirila:glottocode*, chirila:iso*, glottolog-name→synonym",94,True,,
nam,Ngan’gityemerri,60,nang1259,Nangikurrunggurr,3,N17,Ngen'giwumirri,Ngengiwumirri | Ngan | gi wumeri | Nangikurrunggurr | Nanggiomeri | Nangiomeri | Nangumiri | Nangimera | Nangimeri | Nanggiwumiri | Nangi wumiri | Ngen gomeri | Mariwumiri | Murin wumiri | Wumiri,glottolog-name→synonym,84,,,
nam,Ngan’gityemerri,60,nang1259,Nangikurrunggurr,3,N8,Ngan'gikurunggurr,Ngangikurunggurr | Ngan | gi kurunggurr | Nangikurrunggurr | Nordaniman Nordan imin,glottolog-name→synonym,122,,,
zml,Madngele,47,madn1237,Madngele,2,N12,Matngala,Matngele | Madngele | Malak Malak | Madngela/Matngela | Gamu | Junggor | Kamor | Madngela | Matngela | Mulluk Mulluk | Ngulul Wanggar | Wooliana | Yunggor | Hermit Hill tribe | Maangella | Madngala | ,"chirila:glottocode, chirila:iso, glottolog-name→synonym, nabu-name→synonym",25,True,,
zml,Madngele,47,madn1237,Madngele,2,N26,Yunggor,Madngele,"glottolog-name→synonym, nabu-name→synonym",44,,,
nji,Gudanji,45,ngar1283,Ngarnka,3,N121,Ngarnka,Ngarnga | Ngarndji | Gudanji | Ngewin | Gnuin | Leeillawarrie,"chirila:glottocode, chirila:iso, describo, glottolog-name, nabu-name→synonym",108,,,
nji,Gudanji,45,ngar1283,Ngarnka,3,C26,Gudanji,Gudandji | Ngandji | Gurdanji | Kotandji | Kurdanji | Kotandji; Anga | Angee | Gnanji | Godangee | Gundangee | Kakaringa | Koodangie | Koodanjee | Kudanji | Kudenji | Kutandji | Kutanjtjii | Kutandji;,"chirila:iso, nabu-name",74,,,
nji,Gudanji,45,ngar1283,Ngarnka,3,N138,Binbinka,Gudanji | Binbinga | Binbingha | Pinbinga | Leepitbinga | Bing Binga,nabu-name→synonym,183,,,
bym,Bidyara,42,bidy1243,Bidyara,2,E37,Bidjara / Bidyara,Pitjara | Bidjera | Bithara | Bitjara | Minkabari | Peachera | Peechera | Pitteroo | Wilya | Bitharra,"chirila:glottocode, chirila:iso, glottolog-name, nabu-name",36,,,
bym,Bidyara,42,bidy1243,Bidyara,2,E35,Gungabula,Kongabula | Gongabula | Khungabula | Khungabulal | Kungalburra | Ongabula,"chirila:glottocode, chirila:iso",145,,,
mwp,Kala Lagaw Ya,39,kala1377,Kala Lagaw Ya,2,Y1,Kala Lagaw Ya,Kalaw Kawaw Ya/Kalaw Lagaw Ya | West Torres | Kalaw Kawaw Ya | Kala Lagaw Langgus | Yagar Yagar | Mabuiag | Kowrarega | Karualaig | Kala Lagaw Langgus Yagar Yagar | Kala Kawaw Ya,"chirila:glottocode, chirila:iso, glottolog-name, nabu-name",63,,,
mwp,Kala Lagaw Ya,39,kala1377,Kala Lagaw Ya,2,Y2,Kalaw Kawaw Ya,Kalaw Kawaw Ya/Kalaw Lagaw Ya | Kala Lagaw Ya | Gudang | Kaurareg | Moait | Moalaig | Bo:gu | Buglial | Bulgai | Dauan Saibai | Kowrarega | Karualaig | Dauan | Boigu | Saibai,"chirila:glottocode, chirila:iso, glottolog-name→synonym, nabu-name→synonym",150,,,
wmt,Walmajarri,38,walm1241,Walmajarri-Juwaliny,3,A66,Walmajarri,Walmatjarri | Walmadjari | Wolmatjeri | Wolmeri | Bililuna dialect | Djiwalinj | Djiwalinja | Djualin | Djuwali | Jiwarliny | Juwaliny | Ngadjukura | Ngainan | Nganang | Pitangu | Tjiwali | Tjiwalindj,"chirila:glottocode, chirila:iso, nabu-name",29,True,,
wmt,Walmajarri,38,walm1241,Walmajarri-Juwaliny,3,A88,Juwaliny,Tjuwalinj | Walmajarri | Tjiwaliny,nabu-name→synonym,180,,,
wmt,Walmajarri,38,walm1241,Walmajarri-Juwaliny,3,A89,Pililuna,Walmajarri | Bililuna dialect,nabu-name→synonym,156,,,
rmb,Rembarrnga,36,remb1249,Rembarrnga,2,N73,Rembarrnga,Rembarunga | Rembarnga | Rainbarngo | Rambarrnga | Ranjbarngo | Ranjbarngu | Reinbaranga | Rembaranga | Rembarn nga | Rembarrna | Rembarrngu | Rembranga | Rainbarno | Remberanga | Rambarrna | Rem bran,"chirila:glottocode, chirila:iso, describo, glottolog-name, nabu-name",34,True,,
rmb,Rembarrnga,36,remb1249,Rembarrnga,2,N44,Mayali,Gunwinjgu | Mayali | Bininj Gun wok | Neinggu | Gunwinggu | Kundjeymi | Djeibmi | Gundjeibmi | Maia:li | Maiaili | Maiali | Maiawali | Maieli | Maielli | Mailly | Majali | Majeli | Majuli | Mayaalia |,"glottolog-name→synonym, nabu-name→synonym",236,,,
yil,Yindjilandji,35,yind1248,Yindjilandji,3,G14,Indjilandji,Yindjilandji | Indjilandji; Inchalachee | Inchalanchee | Indjilindji | Indjurandji | Indkilindji | Injilinji | Intjilatja | Indjilinji; Inchalachee | Indilandji | Indjilinji | Gulbilangu | Inchalanchi,"chirila:glottocode, chirila:iso, glottolog-name→synonym, nabu-name→synonym",16,,,
yil,Yindjilandji,35,yind1248,Yindjilandji,3,G12.1,Bularnu,Warluwarra Bularnu | Yindjilandji | Bulanu | Manda | Pulanja | Bulanja,"chirila:iso, glottolog-name→synonym, nabu-name→synonym",173,,,
yil,Yindjilandji,35,yind1248,Yindjilandji,3,G42,Dhidhani,Dhidhanu | Yindjilandji,"glottolog-name→synonym, nabu-name→synonym",154,,,
wmi,Wamin,31,wami1239,Wamin,2,Y132,Agwamin,Wamin | Ewamin | Wakamon | Wakara | Ak Waumin | Wommin | Waumin | Wawmin | Walamin | Wimanja | Egwamin | Gwamin | Walming | Wailoolo,"chirila:glottocode, chirila:iso, glottolog-name→synonym, nabu-name→synonym",81,True,,
wmi,Wamin,31,wami1239,Wamin,2,Y132.1,Wamin,,"describo, glottolog-name, nabu-name",50,,,
are,"Arrarnta, Western",29,west2441,Western Arrarnta,2,C47,Western Arrarnta,Aranda | Tyuretye Arrernte | Western Aranda | Arrarnta | Western Aranta | Arinta | Arranda | Arrinda | Arrundta | Arrunta | Arunda | Arunndta | Arunta | Urrundie | Western Arrernte | Ur rundie | Arand,"describo, glottolog-name, nabu-name",,,,
are,"Arrarnta, Western",29,west2441,Western Arrarnta,2,C8,Arrernte,Aranda | Ikngerripenhe | Eastern Aranda | Mparntwe Arrernte | Central Aranda | Tyuretye Arrernte | Arrernte Alturlerenj | Western Aranda | Pertame | Southern Aranda | Arrarnta | Western | Eastern | Al,"chirila:glottocode, chirila:iso",104,True,,
amy,Ami,27,amii1238,Ami,4,N11,Pungupungu,Kandjerramalh | Pungu Pungu | Wadiginy | Pongo pongo | Djiramo | Amijangal | Ami | Worgait | Worgite | Worgaid | Wa gait | Wagaidj | Wagite | Waggait | Waggite | Waggote | Waggute | Wagatsch | Wogite ,"glottolog-name→synonym, nabu-name→synonym",48,,,
amy,Ami,27,amii1238,Ami,4,N13,Maranunggu,Ami | Amijangal | Emmi | Emmiyangal | Manhthi Yangal | Maranjwarrgat | Menhtha | Merranunggu | Maramanunggu | Maranunga | Maranunggo | Maranungo | Maringar | Maringa | Marinunggo | Marranunga | Maranu,"glottolog-name→synonym, nabu-name→synonym",34,,,
amy,Ami,27,amii1238,Ami,4,N15,Emmi,Emmi/Merranunggu | Warrgat | Arnhem Land | Daly River Region Languages | Ami | Maranunggu | Amijangal | Emmiyangal | Manhthi Yangal | Maranjwarrgat | Menhtha | Merranunggu | Ami Ami | Ame | Berringin,"glottolog-name→synonym, nabu-name→synonym",9,,,
amy,Ami,27,amii1238,Ami,4,N31,Batjamalh,Wadjiginj | Wadjiginy | Wadyiginy | Patjtjamal | Wagait | Waggite | Wogait | Batjamal | Batjemal | Bajamala | Batyamal | Batymal | Wadjigin | Wadjingy | Wogatj | Wagaitj | Worgait | Worgite | Waggait ,"glottolog-name→synonym, nabu-name→synonym",46,,,
jao,Yanyuwa,27,yany1243,Yanyuwa,3,N153,Yanyuwa,Yanyula | Wadirri | Yanuwa | Janjula | Wadere | Walu | Wardiri | Yanyula | anjula; Aniula | Anjula | Anula | Anuwa | Anyoola | Anyula | Anyuwa | Djirukurumbant | Iangkala | Leanawa | Leeanuwa | Njangg,"chirila:glottocode, chirila:iso, describo, glottolog-name, nabu-name",81,True,,
jao,Yanyuwa,27,yany1243,Yanyuwa,3,N152,Walu,Yanuwa | Janjula | Wadere | Wardiri | Yanyula | Yanyuwa | Walu; Leewalloo | Walloo | Leewalloo | Waloo,"glottolog-name→synonym, nabu-name→synonym",104,,,
jao,Yanyuwa,27,yany1243,Yanyuwa,3,N154,Nyangga,Njangga; Janga: | Jangaa | Jangga | Yanggal | Njangga; Jang kala | Njanggala | Yangarella | Yang kala | Yuckamurri | Dorobura | Durroburra | Jang kala Njang | Janga: | Njang jala | Purkaburra | Yang k,"glottolog-name→synonym, nabu-name→synonym",,,,
kgl,Kunggari,27,kung1258,Kunggari,4,D37,Gunggari,Kunggari | Congaro | Coongurri | Goon garee | Goongurri | Gungari | Kogai | Kogurre | Kokaburra | Koongerri | Koonkerri | Koonkurri | Kungeri | Kungri | Kunkari | Kunngkari | Kuungkari | Ngaragari | T,"chirila:glottocode, chirila:iso, glottolog-name→synonym, nabu-name→synonym",513,True,,
kgl,Kunggari,27,kung1258,Kunggari,4,D38,Kogai,Benhedore | Jabulajabula | Kogai | Narinari | Ngarimawuru | Yabula Yabula | Yabulayabula | Gogai | Mandandanji | Kunggari | Barunggam | Mundaeinbura | Mundainbara | Cogai | Fishing Net people | Unggar,"glottolog-name→synonym, nabu-name→synonym",592,,,
kgl,Kunggari,27,kung1258,Kunggari,4,L36,Pirriya,Bidia | Kunggari | Birria | Bidia | Kulumali | Kungadutji | Marulta | Biria | Piria,"glottolog-name→synonym, nabu-name→synonym",160,,,
kgl,Kunggari,27,kung1258,Kunggari,4,L38,Kungkari,Kuungkari | Gungari | Koongerri | Yangeeberra | Koonkerri | Kungeri | Yangeberra | Yankibura | Guunggari | Gunggari | Kunggari | Torra burri | Mokaburra | Tarawalla,"glottolog-name→synonym, nabu-name→synonym",112,,,
kkp,Koko-Bera,27,gugu1254,Gugubera,2,Y85,Koko Bera,Kok Kaber | Gugubera | Koko bera | Kokopera | Anavilla | Ba:bung | Babung | Badedj | Bera | Berang | Gogo Bera | Gonani:n | Goonamen | Goonamin | Goonamon | Goonanin | Gumani | Gunami | Gunani | Gunan,"chirila:glottocode, chirila:iso, glottolog-name→synonym, nabu-name, nabu-name→synonym",23,True,,
kkp,Koko-Bera,27,gugu1254,Gugubera,2,Y91,Gonaniin,Koko Bera | Konanin | Bera | Peryn | Wab | Gonani:n | Kokopera | Koko bera | Kukaberra | Kungkara | Goona nin | Gunani | Gunanni | Goonamin | Goonamon | Koko papung | Kokopapun | Ba:bung,nabu-name→synonym,,,,
kux,Kukatja,27,kuka1246,Kukatja,6,C7,Kukatja,,"chirila:glottocode, chirila:iso, describo, glottolog-name, nabu-name",,True,,
kux,Kukatja,27,kuka1246,Kukatja,6,A68,Kukatja,Gugadja | Kokatja | Gogada | Gogadja | Gogadya | Gogoda | Gogodja | Gugada | Gugadji | Gugudja | Kokata | Koonggada | Kukacha | Kukada | Kukadja | Kukaja | Kukata | Kukatji | Kukuruba | Ku kuruba | Pa,"describo, glottolog-name, nabu-name",69,,,
kux,Kukatja,27,kuka1246,Kukatja,6,C11,Yumu,Luritja | Jumu | Kukatja | Loritja | Matuntara | Ngalia | Ngadadjara | Ngatatara | Pa:kulja | Ngadad jara,"glottolog-name→synonym, nabu-name→synonym",,,,
kux,Kukatja,27,kuka1246,Kukatja,6,C3,Kokatha,Kukatha | Kukarta | Kokata | Gugada | Cocotah | Cookutta | Geebera | Gogada | Gogoda | Gugadja | Kakarrura | Keibara | Kikataja | Kokatja | Kokit ta | Koocatho | Koogatho | Koogathoo | Koogurda | Kook,"glottolog-name→synonym, nabu-name→synonym",1187,,,
kux,Kukatja,27,kuka1246,Kukatja,6,C7.1,Luritja,Luritja | Pintupi Luritja | Jumu | Kukatja | Loritja | Matuntara | Ngalia | Aluratja | Aluratji | Aluridia | Aluridja | Lo rit ya | Loorudgee | Loorudgie | Loritcha | Loritya | Luridja | Luritcha | Lu,"glottolog-name→synonym, nabu-name→synonym",762,,,
kux,Kukatja,27,kuka1246,Kukatja,6,G28,Kukatj,Gugadj | Kalibamu | Marago | Gudadj | Gudadji | Gugady | Gugatj | Kokatj | Kukatji | Gugadji | Kukatja | Kukatyi | Konggada,"glottolog-name→synonym, nabu-name→synonym",1355,,,
wnm,Wanggamala,26,wang1289,Wanggamala,2,C9,Wanggamala,Wongkamala | Wonkamudla | Wonggaman | Wonggawan | Wonkamala | Wanggamanha | Wangkamana | Wangkamala,"describo, glottolog-name, nabu-name",,,,
wnm,Wanggamala,26,wang1289,Wanggamala,2,G1,Wangkamanha / Wankamadla,Lhanima | Tharlimanha | Wangga Manha | Wangkamana | Julaolinja | Lanima | Rungarungawa | Wangka yutjuru | Wongkadjera | Ju:lanja | Ju:lanji | Jura | Talimana | U la linya | U la linye | U lay linye | ,"glottolog-name→synonym, nabu-name→synonym",41,,,
nys,Nyungar,24,nyun1247,Nyunga,14,A1,Nyaki Nyaki / Njaki Njaki,Nyungar | Nyaki Nyaki | Nyagi Nyagi | Eastward tribe | Kaikan | Kar Kar | Karkar | Kikkar | Kilkar | Kokan | Kokar | Njagi | Njagi njagi | Njagiman | Njakinjaki | Nyakinyaki | Punuatch | Punwatch | Nj,"chirila:glottocode, chirila:iso, nabu-name→synonym",99,,,
nys,Nyungar,24,nyun1247,Nyunga,14,W4,Kaniyang,Nyungar | Kaneang | Nyunga | Ganeang | Jabururru | Kunyung | Ganajang | Harvey | Jaburu | Jabururu | Ka:lbaranggara | Kaleap | Kaniyan | Kunjung | Quailup | Qualeup | Qualup | Uduc | Waal | Yobberore ,"chirila:iso, glottolog-name→synonym, nabu-name→synonym",165,,,
nys,Nyungar,24,nyun1247,Nyunga,14,W41,Noongar / Nyungar,Nyungar | Nyunga | Wudjari | Njunga | Wudjarima | Wudjari:ma | Wuda | Wudja | Widjara | Warangu | Kwaitjman | Ngokwurring | Ngokgurring | Nunga | Njungar | Nonga | Yunga | Bremer Bay tribe | Yungar | ,"glottolog-name→synonym, nabu-name, nabu-name→synonym",36,,,
nys,Nyungar,24,nyun1247,Nyunga,14,W1,Bibulman,Nyungar | Pipalman | Nyunga | Bibbulman | Beebulmun | Dibelman | Meeraman | Peopleman | Pibelmen | Bajongwongi | Bebleman | Bibalman | Bibbulmun | Bibilum | Bibu:lmoun | Bibulmun | Murram | Nurram | P,"glottolog-name→synonym, nabu-name→synonym",250,,,
nys,Nyungar,24,nyun1247,Nyunga,14,W2,Mirnang / Mineng,Nyungar | Minang | Nyunga | Mearn anger | Meenun | Minnal Yungar | Mirnong | Mount Barker tribe | Meenung | Mining | Minninng | Minong | Minung | Mean anger | Meern anger,"glottolog-name→synonym, nabu-name→synonym",186,,,
nys,Nyungar,24,nyun1247,Nyunga,14,W6,Bindjareb / Pinjarup,Nyungar | Pindjarup | Nyunga | Binjarub | Bangoula | Banyoula | Banyowla | Bindjarub | Binjarab | Darbalung | Kuriwongi | Kurwongi | Murray tribe | Peejine | Penjarra | Pidjain | Pindjarap | Pinjarra ,"glottolog-name→synonym, nabu-name→synonym",210,,,
nys,Nyungar,24,nyun1247,Nyunga,14,W9,Wajuk,Nyungar | Whadjuk | Nyunga | Beelia | Beeloo | Derbal | Ilakuri wongi | Juadjag | Juadjek | Juadjuk | Karakata | Karrakatta | Minal njunga | Minalnjunga | Minnal Yungar | Mooro | Murram | Swan River T,"glottolog-name→synonym, nabu-name→synonym",228,,,
nys,Nyungar,24,nyun1247,Nyunga,14,A4,Kalaamaya,Kaprun | Karlamay | Nyunga | Galamaia | Jabururru | Jawan | Kalamaia | Kelamai | Natingero | Takalako | Watjanmay | Yabro | Galamai | Galamaya | Jaburu | Jungaa | Jungal | Kala:mai | Kaallarmaay | Kal,glottolog-name→synonym,328,,,
nys,Nyungar,24,nyun1247,Nyunga,14,A92,Tjapanmay,Nyunga | Djabanmay,glottolog-name→synonym,261,,,
nys,Nyungar,24,nyun1247,Nyunga,14,W11,Yuat,Nyungar | Iwat | Juat | Jurien Bay tribe | Yanchep tribe | Yuwat | Jabanwongi | Jaburu jungara | Juad | Minnalyungar | New Norcia tribe | Tirarop | Yuaát | Yuard | YuedMurara | Yued,nabu-name→synonym,328,,,
nys,Nyungar,24,nyun1247,Nyunga,14,W3,Wardandi,Wartanti | Other Australian Indigenous Languages | Doonin | Jabaru | Belliman | Bunbury tribe | Dornderupwongy | Dunanwongi | Geographe Bay tribe | Kardegur | Vasse tribe | Wadarndi | Wadjandi | Yabar,chirila:glottocode,265,,,
nys,Nyungar,24,nyun1247,Nyunga,14,W5,Goreng / Koreng,Nyungar | Caracterrup | Corine | Kuriny | Qualup | Warangu | Bremer Bay tribe | Coreng | Cororan | Kaialiwongi | Kaleap | Ko:rengi | Kojonup | Kokar | Mongup | Stirling tribe | Warranger | Warrangle |,nabu-name→synonym,103,,,
nys,Nyungar,24,nyun1247,Nyunga,14,W7,Wilman,Nyungar | Wilmen | Wiilman | Wheelman | Wilmun | Jaburu | Jabururu | Weal | Weel | Weelabandi | Weil | Wi:lman | Will | Williams tribe,nabu-name→synonym,95,,,
nys,Nyungar,24,nyun1247,Nyunga,14,W8,Wudjari,Nyungar | Wutjari | Nyunga  Daran,nabu-name→synonym,235,,,
pnw,Banyjima,21,pany1241,Panytyima,3,A53,Banyjima,Banyjima | Panyjima | Panjtjima | Panytyima | Banjima | Bandjima | Mandanjongo | Papupadu | BanjimaBanyjima | Mandara | Paanjima | Pandima | Pandjima | Panjima | PanyjimaBanydyima,"chirila:glottocode, chirila:iso, glottolog-name→synonym, nabu-name, nabu-name→synonym",36,,,
pnw,Banyjima,21,pany1241,Panytyima,3,A48,Ngarla,Yinhawangka | Panytyima | Inawonga | Inawangga | Inawonga for Inawongga | Ngaunmardi | Nalawonga | Ngalawongga | Ngalawonga | Ngarla warngga | Southern Padima for Ninanu,"chirila:glottocode, glottolog-name→synonym",161,,,
pnw,Banyjima,21,pany1241,Panytyima,3,A79,Yinhawangka / Innawonga,Ngarluwangka | Panytyima | Ngalawonga,glottolog-name→synonym,190,,,
lbz,Lardil,18,lard1243,Lardil,2,G38,Lardil,Lardiil | Layardilda | Damin | Demin | Gunana | Jungarl | Kare wa | Kunana | La:dil | Ladil | Laierdila | Lardi:i | Lardill | Leedil | Mornington Island tribe | Nemarang,"chirila:glottocode, chirila:iso, describo, glottolog-name, nabu-name",3,True,,
lbz,Lardil,18,lard1243,Lardil,2,G34,Yukulta / Ganggalidda,Lardil | Yakula | Jugul | Jugulda | Jogula | Jokala | Jokul | Jokal | Iukala | Yukula | Yookala | Eugoola | Jungulda | Kanggaleida | Yangarella | Engarilla,"glottolog-name→synonym, nabu-name→synonym",113,,,
ddj,Jaru,17,jaru1254,Jaru,2,K12,Jaru,Djaru | Jaruru | Jaroo | Djaro | Jarroo | Jarrou | Jarrau | Charrau | Jaruo | Djara | Deharu | Njining | Njinin | Nyinin | Nining | Neening | Meening | Ka:biri | Karbery | Kodjangana | Ruby Creek trib,"chirila:glottocode, chirila:iso, describo, glottolog-name, nabu-name",21,True,,
ddj,Jaru,17,jaru1254,Jaru,2,K7,Nyininy,Njininj | Jaru | Nyinin | Djaro | Jarroo | Jarrou | Jarrau | Charrau | Jaruo | Djara | Deharu | Jaruru | Njining | Njinin | Nining | Neening | Meening | Ka:biri | Karbery | Kodjangana | Ruby Creek tri,"glottolog-name→synonym, nabu-name→synonym",45,,,
xny,Nyiyaparli,15,nija1241,Nyiyaparli-Palyku,2,A50,Nyiyaparli,Palyku/Nyiyaparli | Njiyapali | Nijadali | Palyku | Bailgu | Binigura | Niabali | Paljgu | Iabali | Jana | Janari | Njiabadi | Njiabali | Njijabadi | Njijabali | Njijapali | Nyiyabali | Nyiyapali | Nj,"chirila:glottocode, chirila:iso, nabu-name",65,,,
xny,Nyiyaparli,15,nija1241,Nyiyaparli-Palyku,2,A55,Palyku,Palyku/Nyiyaparli | Mangguldulkara | Paljarri | Nijadali | Bailgu | Binigura | Niabali | Nyiyaparli | Paljgu | Baialja | Bailgo | Bailju | Bailko | Balgo | Balgoo | Balgu | Baligu | Baljgu | Balju | B,"chirila:glottocode, nabu-name→synonym",97,,,
djb,Djinba,14,djin1252,Djinba,8,N97,Djinba,Yolngu | Ritharngu | Daii | Diakui | Djinang | Jinba | Djimba | Outjanbah | Gunalbingu | Ganalbwingu | Kurkamarnapia,"chirila:glottocode, chirila:iso, glottolog-name, nabu-name",19,True,,
djb,Djinba,14,djin1252,Djinba,8,N104,Ritharrŋu,Ritharngu | Yakuy | Ritarungo | Yolngu | Daii | Diakui | Djinang | Djinba | Diagoi | Dijogoi | Diyaguyi | Ridarngo | Ridarngu | Ridarrngu | Ridharrngu | Ritaringo | Ritarngo | Ritarngu | Ritarnu | Rit,"glottolog-name→synonym, nabu-name→synonym",47,,,
djb,Djinba,14,djin1252,Djinba,8,N116.O,Manydjalpuyngu,Manyjalpingu | Manjdjalpuyngu | Djinba,"glottolog-name→synonym, nabu-name→synonym",,,,
djb,Djinba,14,djin1252,Djinba,8,N118,Dhay'yi,Dhayyi | Dayi | Yolngu | Daii | Ritharngu | Diakui | Djinang | Djinba | Dai | Dhayi | Taii Tai | Dalwango | Dalwongo | Dalwongu | Darlwongo | Dhalwangu | Djawark | Djarlwa:g,"glottolog-name→synonym, nabu-name→synonym",99,,,
djb,Djinba,14,djin1252,Djinba,8,N149,Dhiyakuy,Yolngu | Diakui | Ritharngu | Daii | Djinang | Djinba | Dijogoi | Djikai | Jikai | Tchikai,"glottolog-name→synonym, nabu-name→synonym",,,,
djb,Djinba,14,djin1252,Djinba,8,N209,Däbi,Djinba,"glottolog-name→synonym, nabu-name→synonym",,,,
djb,Djinba,14,djin1252,Djinba,8,N83,Ganhalpuyngu,Ganalbingu | Djinba | Jinba | Djimba | Outjanbah | Gunalbingu | Ganalbwingu | Kurkamarnapia,"glottolog-name→synonym, nabu-name→synonym",,,,
djb,Djinba,14,djin1252,Djinba,8,N94.1,Djinang,Djinang dialects | Yolngu | Ritharngu | Daii | Diakui | Djinba | Jandjinung | Yandijinang | Yandjinung | Jinang | Jandji:nangc | Jandjinang | Jand jinung | Yandjinning | Yandjinang | Djinnang | Djinha,"glottolog-name→synonym, nabu-name→synonym",67,,,
nxn,Ngawun,14,ngaw1240,Ngawun,2,G17,Ngawun,Ngewin | Naungaun | Nga:wun | Ngaon | Ngaun | Nounun | Nouun,"chirila:glottocode, chirila:iso, describo, glottolog-name, glottolog-name→synonym, nabu-name, nabu-name→synonym",65,True,,
nxn,Ngawun,14,ngaw1240,Ngawun,2,G19,Nguburinji,Nguburindi | Ganggalida | Naungaun | Nga:wun | Ngoborindi | Ngoboringi | Ngoborundji | Nounun | Nouun | Obor indi | Oborindi | Oboroondi | Ngorborundji,"glottolog-name→synonym, nabu-name→synonym",276,,,
gko,Kok-Nar,13,kokn1236,Kok-Nar,2,G29,Gundara,Kok Narr | Kok Nhang | Kundar | Koknar | Gog nar | Kwantar | Kokinari | Koko Nar | Koko Nari | Kokonari | Kuk Nar | Kuku Nar | Kwanthar | Kok  Nar | Gugu Nar | Gugu Nhang | Kwantari | Gog Nar | Kundar,"chirila:glottocode, chirila:iso, glottolog-name→synonym, nabu-name→synonym",26,True,,
gko,Kok-Nar,13,kokn1236,Kok-Nar,2,G49,Kok Narr,Kok Narr | Koknar | Gog Nar | Kok Nar | Kuku Nar | Gugu Nar | Kok-Narr | Gug-nar,"glottolog-name→synonym, nabu-name→synonym",,,,
nmv,Ngamini,13,ngam1265,Ngamini-Yarluyandi-Karangura,2,L22,Ngamini,Ngameni | Ominee | A:mini | Agamini | Agaminni | Ahminie | Ahminnie | Amini | Aumine | Aumini | Auminie | Awmani | Gnameni | Ngamani | Ngaminni | Ngnaminni | Uminnie | Aurnini,"chirila:glottocode, chirila:iso, nabu-name",37,,,
nmv,Ngamini,13,ngam1265,Ngamini-Yarluyandi-Karangura,2,L28,Karangura,Ngamini | Karanguru | Andrawilla | Kararngura | Kurangooroo | Garanguru,"chirila:glottocode, chirila:iso, nabu-name→synonym",134,,,
nna,Nyangumarta,12,nyan1301,Nyangumarta,5,A61,Nyangumarta,Nyangumarta | Njangumarta | Nyangumarda | Iparuka | Kundal | Ngolibardu | Ngurlipartu | Walyirli | Wanyarli | I:baruga | Ibarga | Ibargo | Ibarrga | Kularupulu | Nangamada | Nangamurda | Nangumada | N,"chirila:glottocode, chirila:iso, glottolog-name, glottolog-name→synonym, nabu-name, nabu-name→synonym",68,True,,
nna,Nyangumarta,12,nyan1301,Nyangumarta,5,A59,Ibarga,Nyangumarda | Iparuka | Kundal | Ngolibardu | Ngurlipartu | Nyangumarta | Walyirli | Wanyarli | Ibargo | Ibarrga | Jibarga | Moonyengoota | Powera | Njangamarda | Njangamada | Nyangamada | Nangamada |,"glottolog-name→synonym, nabu-name→synonym",117,,,
nna,Nyangumarta,12,nyan1301,Nyangumarta,5,A72,Ngurlipartu,Nyangumarta | Ngolibardu | Nyangumarda | Ngolibardu/Ngurlipartu | Iparuka | Kundal | Walyirli | Wanyarli | Tjilakurukuru,"glottolog-name→synonym, nabu-name→synonym",119,,,
nna,Nyangumarta,12,nyan1301,Nyangumarta,5,A73,Walyirli,Nyangumarta | Nyangumarda | Walyirli/Wanyarli | Iparuka | Kundal | Ngolibardu | Ngurlipartu | Wanyarli | Walyurli,"glottolog-name→synonym, nabu-name→synonym",82,,,
nna,Nyangumarta,12,nyan1301,Nyangumarta,5,A98,Kuntal,Nyangumarda | Kundal | Iparuka | Ngolibardu | Ngurlipartu | Nyangumarta | Walyirli | Wanyarli | Njangamarda | Njangamada | Nyangamada | Nangamada | Nangam urda | Njangomada | Njangumada | Njangumarda ,"glottolog-name→synonym, nabu-name→synonym",,,,
dwu,Dhuwal,10,nucl1333,Nuclear Dhuwal,8,N101,Liyagawumirr,Dhuwal | Leyagawumirr | Liagaomir | Laigajomir | Laigojomir | Galbanuk | Galwanuk | Galwangug,nabu-name→synonym,,,,
dwu,Dhuwal,10,nucl1333,Nuclear Dhuwal,8,N108,Liyagalawumirr,Dhuwal | Leyagalawumirr | Liaalaomir | Laigala wumiri | Laigulawulmiree,nabu-name→synonym,,,,
dwu,Dhuwal,10,nucl1333,Nuclear Dhuwal,8,N116,Dhuwaya,Dhuwal/Dhuwala | possibly also Dhuwaya | Dhuwal,nabu-name→synonym,47,,,
dwu,Dhuwal,10,nucl1333,Nuclear Dhuwal,8,N116.F,Dätiwuy,Daatiwuy | Dhuwal | Datiwuy,nabu-name→synonym,,,,
dwu,Dhuwal,10,nucl1333,Nuclear Dhuwal,8,N116.Q,Marrangu,Dhuwal | Marangu | Marra°u | Marrango | Duwal | Marrakuli | Merango,nabu-name→synonym,,,,
dwu,Dhuwal,10,nucl1333,Nuclear Dhuwal,8,N142,Marrakulu,Dhuwal | Marragulu | Marrakula | Maragulu | Duwal,nabu-name→synonym,,,,
dwu,Dhuwal,10,nucl1333,Nuclear Dhuwal,8,N145,Djapu,Dhuwal | Djabu | Tjapu | Jabu | Darmaramiri | Dhamalam irr | Maradungimi | Maradanggimiri | Marrathanggi mir,nabu-name→synonym,,,,
dwu,Dhuwal,10,nucl1333,Nuclear Dhuwal,8,N198,Dhuwal,Dhuwal/Dhuwala | possibly also Dhuwaya | Duwal | Murngin | Wulamba | Balamumu | Barlamomo | Barlamumu | Malag | Marlark | Arrawiya | Banjarrpuma | Bilamandji Dhurili | Durilji,nabu-name,80,,,
gcd,Ganggalida,10,gang1267,Ganggalida,2,G19,Nguburinji,Nguburindi | Ganggalida | Naungaun | Nga:wun | Ngoborindi | Ngoboringi | Ngoborundji | Nounun | Nouun | Obor indi | Oborindi | Oboroondi | Ngorborundji,"glottolog-name→synonym, nabu-name→synonym",117,,,
gcd,Ganggalida,10,gang1267,Ganggalida,2,G30,Ganggalidda,Kangkalita | Ganggalida | Jokula | Yakula | Jugul | Jugulda | Jogula | Jokala | Jokul | Jokal | Iukala | Yukula | Yookala | Eugoola | Jungulda | Kanggaleida | Yangarella | Engarilla,"glottolog-name→synonym, nabu-name→synonym",,,,
guf,Gupapuyngu,10,gupa1247,Gupapuyngu,5,N122.1,Gupapuyngu,Gobabingo | Gobabuinga | Gobabwingo | Gobabwingu | Gobabwinnggu | Gobawingu | Gubabingu | Gubabuyngu | Gubawingu | Gupabwingu | Gupapuy°u | Kopapiugo | Kupapuingu | Kupapuyungu | Kupapuyngu | Duwala |,"describo, glottolog-name, nabu-name",,,,
guf,Gupapuyngu,10,gupa1247,Gupapuyngu,5,N111,Madarrpa,Gupapuyngu | Mararba | Maderpa | Jithuwa | Jiduwa | Malarbardjuradj | Malarrbartjuray,"glottolog-name→synonym, nabu-name→synonym",,,,
guf,Gupapuyngu,10,gupa1247,Gupapuyngu,5,N200,Munyuku,Gupapuyngu,"glottolog-name→synonym, nabu-name→synonym",,,,
guf,Gupapuyngu,10,gupa1247,Gupapuyngu,5,N88,Wubulkarra,Gupapuyngu | Ubulgara | Wulkara | Wobulgarra | Wowulkarra | Ob ulgara | Wolgara,"glottolog-name→synonym, nabu-name→synonym",,,,
guf,Gupapuyngu,10,gupa1247,Gupapuyngu,5,N116.C,Birrkili,Berrkali | Berrkali Gupapuy°u | Birgili,chirila:iso,,True,,
weg,Wergaia,10,werg1234,Wergaia,5,S17,Wergaia,Wergaia | Wergaya | Jupagalk | Maligundidj | Warke Warke | Wotjobalek | Buibatjali | Buibatyalli | Djadjala | Gnallbagootchyourl | Gourrbaluk | Iyattyala | Kurm me lak | Malikunditji | Malleegunditch ,"glottolog-name, glottolog-name→synonym, nabu-name, nabu-name→synonym",239,,,
weg,Wergaia,10,werg1234,Wergaia,5,S14,Meintangk,Ngarrindjeri | Jarildukald | Pirtulun | Ramindjeri | Tanganukald | Warki | Djadjala | Meintank | Painbali | Wergaia | Meindangg | Meinta:ngk | Paintjunga | Pinchunga | Pinejunga | Mootatunga | Wepulpr,"glottolog-name→synonym, nabu-name→synonym",,,,
weg,Wergaia,10,werg1234,Wergaia,5,S15,Bindjali / Bodaruwitj,Bodaruwidj | Bundyalli | Potangola | Potaruwutj | Weregadjali | Cangarabaluk | Coolucooluk | Dadiera | Danganalun | Danganegald | Dangani | Djadjala | Jaran | Kalde | Kangarabalak | Milmainjericon | M,"glottolog-name→synonym, nabu-name→synonym",384,,,
weg,Wergaia,10,werg1234,Wergaia,5,S22,Djadjala,Meintangk | Meintank | Painbali | Wotjobaluk | Potaruwutj | Tattiara blacks | Tatiara tribe | Jatjalli | Tyat tyalli | Pine Plain language | Pine Plain tribe | Tyattyalli | Tatchalle | Tyat tyal la | ,"glottolog-name→synonym, nabu-name→synonym",241,,,
weg,Wergaia,10,werg1234,Wergaia,5,S88,Wotjobaluk,Wutjabulak | Wudjubalug | Wotjoballuk | Wotjo baluk | Wotjo  balluk | Wotjoballaiuk | Wotjoballuck | Guli ballaiuk | Wutyuballeak tribes | Wuttyubullak | Wuttyabullak | Wotjo | Wotjobolak | Wotjobalek,"glottolog-name→synonym, nabu-name→synonym",187,,,
lby,Lamu-Lamu,9,lamu1254,Lamalama,3,Y136,Mbarrumbathama,Lamalama | Lama Lama | Mba Rumbathama | Bakanambia | Wanbara | Lamu Lamu | Jeteneru | Badjam | Baganambia | Been gee warra | Funggufan | Koko Lama Lama | Kookoymma | Kulamak | Rimanggudinhma | Rumbata,"chirila:glottocode, chirila:iso, glottolog-name→synonym, nabu-name→synonym",39,True,,
lby,Lamu-Lamu,9,lamu1254,Lamalama,3,Y147,Walmbarddha,Bakanambia | Banambia | Banambila | Buruman | Kokaoalamalma | Kokolamalama | Lamalama | Lamul lamul | Mug Ngambaram | Mukinna | Walmbar | Walmbardha | Walmbaria | Wambara | Wanbara | Yalnga bar,glottolog-name→synonym,,,,
lby,Lamu-Lamu,9,lamu1254,Lamalama,3,Y88,Banambila,Lamalama | Bakanambia | Jeteneru | Bunabila wara | Bunnabilara | Wanbara | Wambara | Kokolamalama | Lamul lamul | Kokaoalamalma | Mukinna | Banambia,glottolog-name→synonym,,,,
dhg,Dhangu-Djangu,8,dhan1270,Dhangu,7,N139,Gälpu,Galpu | Gaalpu | Dhangu | Galbu | G„lpu | Kalpu,"chirila:glottocode, chirila:iso, glottolog-name→synonym",,,,
dhg,Dhangu-Djangu,8,dhan1270,Dhangu,7,N192,Dhangu,Dangu | Yirgala,"describo, glottolog-name",107,,,
dhg,Dhangu-Djangu,8,dhan1270,Dhangu,7,N202,Djangu,Django,"chirila:glottocode*, chirila:iso*",76,,,
dhg,Dhangu-Djangu,8,dhan1270,Dhangu,7,N116.X,Ngaymil,Ngayimil | Dhangu | Ngeimil | Makkanaimulmi,glottolog-name→synonym,,,,
dhg,Dhangu-Djangu,8,dhan1270,Dhangu,7,N134,Wangurri,Wan | gurri | Dhangu | Wanguri | Wonguri | Wan:guri,glottolog-name→synonym,,,,
dhg,Dhangu-Djangu,8,dhan1270,Dhangu,7,N140,Rirratjingu,Dhangu | Riraidjangu | Rirraljinga | Riraidjango | Wurrulul | Woralul | Urorlurl,glottolog-name→synonym,,,,
dhg,Dhangu-Djangu,8,dhan1270,Dhangu,7,N193,Golumala,Dhangu | Dangu,glottolog-name→synonym,,,,
nbj,Ngarinyman,8,ngar1235,Ngarinman,4,C27,Ngarinyman,Ngarinyman | Ngarinman | Agarinman | ainman | Airiman | Hainman | Heineman | Hyneman | Nariman | Narinman | Ngaiman | Ngaimmun | Ngainman | Ngainmun | Ngarnman | Ngraimun | Ngrainmun | Ngaringman | Ha,"glottolog-name→synonym, nabu-name, nabu-name→synonym",132,,,
nbj,Ngarinyman,8,ngar1235,Ngarinman,4,C32,Eastern Ngarinyman,Ngarinyman | Eastern,"chirila:glottocode*, chirila:iso*, nabu-name→synonym",122,,,
nbj,Ngarinyman,8,ngar1235,Ngarinman,4,N36,Bilinarra,Pilinara | Ngarinman | Bunara | Bilinara | Bilinurra | Bilyanarra | Bilyanurra | Plinara | Pillenurra | Billianera | Bulinara | Bringara | Boonarra,"chirila:glottocode, chirila:iso, glottolog-name→synonym",167,,,
nbj,Ngarinyman,8,ngar1235,Ngarinman,4,N205,Airiman,Ngarinyman | Wagiman | Tagoman | Wagoman,nabu-name→synonym,,,,
wyb,Wangaaybuwan-Ngiyambaa,7,wang1291,Ngiyambaa,3,D22,Ngiyampaa / Ngempa,Ngiyambaa | Other Australian Indigenous Languages | Ngiyampaa | Wangaaybuwan Ngiyambaa | Wailwan | Wongaibon | Waljwan | Weilwan | Ngemba | Wangaaypuwan | Gaiamba | Narran | Negunbah | Ngaiamba | Ngam,"chirila:iso, glottolog-name→synonym, nabu-name→synonym",85,,,
wyb,Wangaaybuwan-Ngiyambaa,7,wang1291,Ngiyambaa,3,D18,Wangaaypuwan,Wangaaybuwan Ngiyambaa | Wongai bun | Wonghibone | Wonjhi bon | Wonjibone | Wongi bone | Wonghibon | Wonghi | Wun gai | Wuzai | Wozai | Woyaibun | Mudall,"chirila:iso, nabu-name→synonym",92,,,
wyb,Wangaaybuwan-Ngiyambaa,7,wang1291,Ngiyambaa,3,K4,Ngumbarl,Ngombal | Ngormbal | Ngombaru | Ngoombal | Ngormbal Ngormbal | Numbal | Numbanbor | Numbol,chirila:iso?,2804,,,
adt,Adnyamathanha,6,adny1235,Adnyamathanha,3,L10,Adnyamathanha,Adnymathanha | Adjnjamathanha | Adynyamathanha | Adnjamathanha | Jadliaura | Ngudlawara | Wailpi | Walypi | Adnamadana | Adjnjamatana | Adnamatana | Adnjamadana | Adnjamadhanha | Adnjamatana | Adnjama,"chirila:glottocode, chirila:iso, describo, glottolog-name, nabu-name",31,True,,
adt,Adnyamathanha,6,adny1235,Adnyamathanha,3,L55,Wailpi,Adnyamathanha | Adnjamathanha | Jadliaura | Ngudlawara | Walypi | Adnamadana | Adjnjamatana | Adnamatana | Adnjamadana | Adnjamadhanha | Adnjamatana | Adnjamathera | Adnjmadhanha | Adnjnjamathanha | A,"glottolog-name→synonym, nabu-name→synonym",90,,,
adt,Adnyamathanha,6,adny1235,Adnyamathanha,3,L7,Yadliawara,Yardliyawara | Adnyamathanha | Jadliaura | Adnjamathanha | Ngudlawara | Wailpi | Walypi | Aluri | Alury | Arabatura | Arkaba tura | Arkabatura | Eura | Jadlijawara | Jadloori | Wonoka | Yadliaura | Ya,"glottolog-name→synonym, nabu-name→synonym",152,,,
drl,Paakantyi,6,darl1243,Paakantyi,12,D12,Paakantyi / Paakantji / Barkindji,Paakantyi | Baagandji | Darling | Barkindji | Ba:gundji | Baagandyi | Bagandji | Bagundji | Bahkunji | Bahkunjy | Bahroongee | Bahroonjee | Bakandi | Bakandji | Bakanji | Bandjagal | Bandjangali | Bar,"chirila:glottocode, chirila:iso, glottolog-name, glottolog-name→synonym, nabu-name, nabu-name→synonym",119,,,
drl,Paakantyi,6,darl1243,Paakantyi,12,D25,Kurnu,Paakantyi | Gurnu | Guula | Darling | Gunu | Kula | Cornu | Ee na won | Gu:nu | Gu:rnu | Guerno | Guno | Koono | Koonoo | Kornoo | Kornu | Kuno | Noolulgo,"chirila:glottocode, chirila:iso, glottolog-name→synonym, nabu-name→synonym",412,,,
drl,Paakantyi,6,darl1243,Paakantyi,12,D11,Pulaali,Paakantyi | Bulaali | Bulalli | Bolali | Maljangapa | Wiljakali | Pulaali | Pulakali | Maljangaba | Malya napa | Mulya napa | Mulya nappa | Milya uppa | Mullia arpa | Muliaarpa | Malynapa | Malja:pa |,"glottolog-name→synonym, nabu-name→synonym",161,,,
drl,Paakantyi,6,darl1243,Paakantyi,12,D14,Thangkaali,Paakantyi | Dhanggaali | Danggali | Milpulo | Dhanggagarli | Dangali | Danggadi | Tungarlee | Tongaranka | Danggagali | Tung arlee | Dthang gaa lee | Dthanggka | Dthanggha | Paritke | Paridke | Momba ,"glottolog-name→synonym, nabu-name→synonym",209,,,
drl,Paakantyi,6,darl1243,Paakantyi,12,D16,Wilyakali,Paakantyi | Darling | Wiljali | Wiljagali | Willoo | Bo arli | Bulali,"glottolog-name→synonym, nabu-name→synonym",181,,,
drl,Paakantyi,6,darl1243,Paakantyi,12,D17,Pantyikali,Paakantyi | Bandjigali | Wanjiwalku | Bandjagali | Barkindji | Milya uppa | Barkinji | Barkinjee | Barkunjee | Bahkunji | Pakindji | Pa:kindzi | Bakandji | Bahkunjy | Barkinghi | Parkungi | Par kengee,"glottolog-name→synonym, nabu-name→synonym",246,,,
drl,Paakantyi,6,darl1243,Paakantyi,12,D19,Nhaawuparlku,Paakantyi | Naualko | Barundji | Parundji | Bungyarlee | Nawalko | Ngunnhalgu | Ngunnhlgri | Parooige | Unelgo | Wampandi | Wampangee | Wombungee | Wompungee | Nabarlgu | Ngunnhalgri | Milpulko | Mail,"glottolog-name→synonym, nabu-name→synonym",237,,,
drl,Paakantyi,6,darl1243,Paakantyi,12,D21,Wanyuparlku,Paakantyi | Wandjiwalgu | Wanjiwalku | Kongait | Pernowie | Pernowrie | Pono | Tongaranka | Wandjiwalku | Wanjwalgu | Wanyabalku | Wanyuwalgu | Weyneubulkoo | Weynoubulkoo | Wongimalko | Wonipalku | W,"glottolog-name→synonym, nabu-name→synonym",95,,,
drl,Paakantyi,6,darl1243,Paakantyi,12,D47,Paaruntyi,Paaruntyi | Paakantyi | Barundji | Naualko | Parundji | Baarundji | Paruindji | Paruindi | Paruinji | Pa roinge | Barungi | Barinji | Bahroonjee | Baroongee | Bahroongee | Barrengee | Parooinge | Baru,"glottolog-name→synonym, nabu-name→synonym",392,,,
drl,Paakantyi,6,darl1243,Paakantyi,12,D48,Parrintyi,Paakantyi | Barrindji | Bandjigali | Barindji | Barundji | Paruindi | Paruinji | Parooinge | Barungi | Barinji | Bahroonjee | Barongee | Barrengee | Barunga | Berri ait | Paru | Paroo | Bpaaroo | Bpaa,"glottolog-name→synonym, nabu-name→synonym",79,,,
drl,Paakantyi,6,darl1243,Paakantyi,12,D6,Marrawarra,Paakantyi | Marawara | Maraura | Bandjigali | Berlko | Berri ait | Ilaila | Mara:wara | Mareaura | Mareawura | Marewera | Maroura | Marowera | Marowra | Marraa Warree | Waimbio | Wiimbaio | Wiimbo | W,"glottolog-name→synonym, nabu-name→synonym",158,,,
drl,Paakantyi,6,darl1243,Paakantyi,12,D61,Southern Paakantyi,Paakantyi | Baagandji | Darling | Southern Baagandji | Bagundji | Barkindji | Barkinji | Barkungee | Bahkunji | Bahkunjy | Parkungi | Parkengee | Bakanji | Bakandi | Bargunji | Southern Bagundji | Bar,"glottolog-name→synonym, nabu-name→synonym",12,,,
kld,Gamilaraay,6,gami1243,Yuwaalaraay-Gamilaraay,3,D23,Gamilaraay / Gamilaroi / Kamilaroi,Euahlayi | Guyinbaray | Juwalarai | Ualarai | Walarai | Weraerai | Wirajarai | Kamilarai | Kamilroi | Kamalarai | Koomilroi | Gunilroi | Guminilroi | Gumilray | Camleroy | Euhahlayi | Gamilray | North,"chirila:glottocode, chirila:iso, nabu-name",34,,,
kld,Gamilaraay,6,gami1243,Yuwaalaraay-Gamilaraay,3,D27,Yuwaalaraay,Wiraiari | Kamilaroi | Juwalarai/Ualarai | Euahlayi | Gamilaroi | Guyinbaray | Juwalarai | Ualarai | Walarai | Weraerai | Wirajarai | Yuwalarai | Jualrai | Yualarai | Yualloroi | Yowaleri | Uollaroi |,chirila:iso,139,,,
kld,Gamilaraay,6,gami1243,Yuwaalaraay-Gamilaraay,3,D54,Yuwaalayaay,Yuwaaliyaay | Euahlayi | Kamilaroi | Gamilaroi | Guyinbaray | Juwalarai | Ualarai | Walarai | Weraerai | Wirajarai | Yuwaalaraay | Yualyai | Ualari | Yualarai | Uollaroi | Yualai | Yerraleroi | Yuwaly,chirila:iso*,196,,,
awk,Awabakal,5,awab1243,Awabakal,5,S66,Awabakal,Awabagal | Other Australian Indigenous Languages | Awaba | Kuri | Kuringgai | Lake Macquarie | Awarbukal | Arwarburkarl | Newcastle tribe,"describo, glottolog-name, nabu-name",12,,,
awk,Awabakal,5,awab1243,Awabakal,5,S62,Kuringgai,Cameeragal | Awabakal | Kameraigal | Karikal | Garigal,"glottolog-name→synonym, nabu-name→synonym",32,,,
awk,Awabakal,5,awab1243,Awabakal,5,S63,Wonnarua / Wanaruah,Wonarua | Awabakal | Wanarua | Wonnuaruah | Wannerawa | Wonnah Kuah,"glottolog-name→synonym, nabu-name→synonym",110,,,
awk,Awabakal,5,awab1243,Awabakal,5,S99,Hunter River - Lake Macquarie language,Hunter River - Lake Macquarie language | Awabakal | Geawegal | Karikal | Garigal | Wonnaruah | Wanarruwa | Kuringgai,"glottolog-name→synonym, nabu-name→synonym",,,,
awk,Awabakal,5,awab1243,Awabakal,5,S65,Darkinyung,Darkinjung | Darkinung | Darkinjang | Darginyung | Darknung | Darkiñoong | Darkin nyoong | Darkiñung | Darkinyûng | Darginjang,chirila:glottocode,57,True,,
kjn,Kunjen,5,kunj1245,Kunjen,6,Y83,Kunjen,Cape York Peninsula Languages | Kunjen | Gugu Nyungkul | Kawarrangg | Laia | Muragan | Ngundjan | Okunjan | Olkolo | Oykangand | Ayan | Gudjal | Gundjen | Gundjun | Ikan | Koonchulburra | Koonjan | Ko,"chirila:glottocode, chirila:iso, glottolog-name, glottolog-name→synonym, nabu-name, nabu-name→synonym",142,True,,
kjn,Kunjen,5,kunj1245,Kunjen,6,E21,Moondjan,Moonjan | Yuggera | Nunukul | Gowar | Jagara | Koenpul | Ngugi | Turrubul | Yagara | Gundjun | Koko Kuntjan | Koko wansin | Kokoyan | Koonjan | Kundjan | Kundjin | Kunjen | Kunjin | Mundjan | Ngundjan,"glottolog-name→synonym, nabu-name→synonym",1576,,,
kjn,Kunjen,5,kunj1245,Kunjen,6,Y101,Uw Oykangand,Uw Oykangand | Oykangand | Koko Wangkara | Kunjen | Kuantari | Kundara | Gundara | Goondarra | Wangara | Wanggara | Kokowanggara | Kokawan gar | Kokatabul | Kokodaue | Koko daua | Oikand,"glottolog-name→synonym, nabu-name→synonym",201,,,
kjn,Kunjen,5,kunj1245,Kunjen,6,Y206,Ogh Undjan,Kunjen | Okunjan,"glottolog-name→synonym, nabu-name→synonym",130,,,
kjn,Kunjen,5,kunj1245,Kunjen,6,Y230,Muragan,Kunjen | Gugu Nyungkul | Kawarrangg | Laia | Ngundjan | Okunjan | Olkolo | Oykangand,"glottolog-name→synonym, nabu-name→synonym",,,,
kjn,Kunjen,5,kunj1245,Kunjen,6,Y73,Uw Olkola,Olgol | Cape York Peninsula Languages | Kunjen | Koko Olkol | Koko Olkolo | Olkol | Koko olkol | Olkulo | Koka ollugul | Ulkulu | Wulgulu | Olgolo | Olcoola,"glottolog-name→synonym, nabu-name→synonym",173,,,
lnw,Lanima,5,,,4,G1,Wangkamanha / Wankamadla,Lhanima | Tharlimanha | Wangga Manha | Wangkamana | Julaolinja | Lanima | Rungarungawa | Wangka yutjuru | Wongkadjera | Ju:lanja | Ju:lanji | Jura | Talimana | U la linya | U la linye | U lay linye | ,nabu-name→synonym,,,,
lnw,Lanima,5,,,4,G2,Ulaolinya,Yurla Yurlanja | Ulaolinya | Lhanima | Tharlimanha | Wangga Manha | Pitta Pitta | Lanima | Ulaolinja | Ju:lanja | Ju:lanji | Yoolanlanya | U la linya | U la linye | U lay linye | Uluonga | Jura,nabu-name→synonym,,,,
lnw,Lanima,5,,,4,G5,Wangka-yutjurru,Wangka yutjuru | Wanggamanha | Wongkadjera/Wangka yutjuru | Julaolinja | Lanima | Rungarungawa | Wongkadjera | Wangkadjera | Wanggadjara | Wanggayudyuru | Wangka jutjuru | Wonkajara | Wonkatyeri | Won,nabu-name→synonym,,,,
lnw,Lanima,5,,,4,G53,Lanima,,nabu-name,,,,
rnr,Nari Nari,5,nari1241,Nari Nari,4,D9,Nari Nari,Narinari | none,"chirila:glottocode, chirila:iso, describo, glottolog-name, glottolog-name→synonym, nabu-name, nabu-name→synonym",13,True,,
rnr,Nari Nari,5,nari1241,Nari Nari,4,D2,Yorta Yorta,Yota Yota | Bangerang | Jotijota | Yoda Yoda | Arramouro | Benhedore | Jabulajabula | Jodajoda | Moira | Narinari | Ngarimawuru | Ngarrimouro | Ngarrimowra | Wollithiga | Woollathura | Yabulayabula | ,"glottolog-name→synonym, nabu-name→synonym",193,,,
rnr,Nari Nari,5,nari1241,Nari Nari,4,D38,Kogai,Benhedore | Jabulajabula | Kogai | Narinari | Ngarimawuru | Yabula Yabula | Yabulayabula | Gogai | Mandandanji | Kunggari | Barunggam | Mundaeinbura | Mundainbara | Cogai | Fishing Net people | Unggar,"glottolog-name→synonym, nabu-name→synonym",861,,,
rnr,Nari Nari,5,nari1241,Nari Nari,4,S38,Jabulajabula / Yabula Yabula,Yabala Yabala | Narinari | Pangerang | Yabola | Yabulla | Yabbilyabbila | Yabbil Yabbila | Yabula | Yabula yabula | Yillib Yilliba | Yullaba Yullaba | Joti jota | Jabalajabala | Jabula jabula | Yabula,"glottolog-name→synonym, nabu-name→synonym",148,,,
ung,Ngarinyin,5,ngar1284,Ngarinyin,7,K18,Ngarinyin,Ngarinyin | Ungarinjin | Guwij | Munumburru | Ngarinjin | Ngarnawu | Wilawila | Wolyamidi | Andedja | Andidja | Angarinjin | Arawari | Arkarinjindja | Arkarrinyinjia | Gular | Ingarinjindja | Kandjaln,"describo, glottolog-name, glottolog-name→synonym, nabu-name, nabu-name→synonym",63,,,
ung,Ngarinyin,5,ngar1284,Ngarinyin,7,K35,Wilawila,Ngarinyin | Guwij | Munumburru | Ngarinjin | Ngarnawu | Ungarinjin | Wolyamidi | Andadja | Andedja | Andidja | Kalari | Kandjanan | Kundjanan | Munumbara | Munumburu | Piarngongo | Taib | Taibange | U,"chirila:glottocode, chirila:iso, glottolog-name→synonym, nabu-name→synonym",160,,,
ung,Ngarinyin,5,ngar1284,Ngarinyin,7,K43,Worla,Waladja | Ngarinyin | Andajin | Ola | Walajangarri | Ngaiangari | Ngalangari | Ngarangari | Oladjau | Waladjangari | Walandjari | Wardia | Waringari | Wo:la | Wola | Woladjangari | Wolmardai | Woolaja,"chirila:glottocode, chirila:iso, glottolog-name→synonym, nabu-name→synonym",84,,,
ung,Ngarinyin,5,ngar1284,Ngarinyin,7,K19,Guwij,Guwidj | Orla | Ngarinyin | Guidj,"glottolog-name→synonym, nabu-name→synonym",140,,,
ung,Ngarinyin,5,ngar1284,Ngarinyin,7,K25,Munumburu,Munumburru | Ngarinyin | Guwij | Ngarinjin | Ngarnawu | Ungarinjin | Wilawila | Wolyamidi | Wilawiila | Wular: | Taib | Wulu | Taibange | Munumbara | Kalari: | Andedja | Andidja | Andadja | Piarngongo,"glottolog-name→synonym, nabu-name→synonym",171,,,
ung,Ngarinyin,5,ngar1284,Ngarinyin,7,K26,Wolyamidi,Ngarinyin | Woljamidi | Woljamiri | Molyamidi | Kuluwara | Kulu waran | Guluwarin | Kolaia | Arawari | Arawodi | Yamandil,"glottolog-name→synonym, nabu-name→synonym",131,,,
ung,Ngarinyin,5,ngar1284,Ngarinyin,7,K52,Ngarnawu,Ngarinyin | Guwij | Munumburru | Ngarinjin | Ungarinjin | Wilawila | Wolyamidi | Nganau | Nganaw,"glottolog-name→synonym, nabu-name→synonym",94,,,
xpt,Punthamara,5,punt1240,Punthamara,6,L26,Punthamara,Ngura | Wangkumara | Bundamara | Diraila | Jarumarra | Karendala | Kungatutji | Mamwura | Ngandangara | Ngurawola | Thiraila | Wankumara | Bantha murra | Banthamurra | Boontha Murra | Boonthamurra | B,"chirila:glottocode, chirila:iso, describo, glottolog-name, nabu-name",50,True,,
xpt,Punthamara,5,punt1240,Punthamara,6,L16,Gungadidji,Birria | Kungadutji | Wangkumara | Kungatutji | Bidia | Kulumali | Marulta | Bundamara | Diraila | Jarumarra | Karendala | Mamwura | Ngandangara | Ngurawola | Punthamara | Thiraila | Wankumara | Gonga,"glottolog-name→synonym, nabu-name→synonym",146,,,
xpt,Punthamara,5,punt1240,Punthamara,6,L20,Mambangurra,Ngura | Wangkumara | Mamwura | Bundamara | Diraila | Jarumarra | Karendala | Kungatutji | Ngandangara | Ngurawola | Punthamara | Thiraila | Wankumara | Betharra | Eromarra | Jarumarda | Mambangura | N,"glottolog-name→synonym, nabu-name→synonym",186,,,
xpt,Punthamara,5,punt1240,Punthamara,6,L24,Ngurawala,Ngura | Wangkumara | Ngurawola | Bundamara | Diraila | Jarumarra | Karendala | Kungatutji | Mamwura | Ngandangara | Punthamara | Thiraila | Wankumara | Ngandanina | Ngurawarla,"glottolog-name→synonym, nabu-name→synonym",,,,
xpt,Punthamara,5,punt1240,Punthamara,6,L25,Wangkumara,Ngura | Bundamara | Diraila | Jarumarra | Karendala | Kungatutji | Mamwura | Ngandangara | Ngurawola | Punthamara | Thiraila | Wankumara | Balpamadramadra | Jaramarala | Papagunu | Wanggamara | Wanggu,"glottolog-name→synonym, nabu-name→synonym",113,,,
xpt,Punthamara,5,punt1240,Punthamara,6,L30,Ngandangara,Other Australian Indigenous Languages | Wangkumara | Bundamara | Diraila | Jarumarra | Karendala | Kungatutji | Mamwura | Ngurawola | Punthamara | Thiraila | Wankumara | Ngandangura | Jarumarda | Unda,"glottolog-name→synonym, nabu-name→synonym",61,,,
alh,Alawa,4,alaw1244,Alawa,2,N92,Alawa,Galawa | Warliburru | Wilingura | Ngewin | Alawa; Alaua | Allaua | Allaura | Allawa | Allowa | Allowiri | Allua | Alowa | Galleewo | Kallaua | Leealowa | Woolooami | Kallana | Walkonda | Walooka | Ala,"chirila:glottocode, chirila:iso, describo, glottolog-name, nabu-name",21,True,,
alh,Alawa,4,alaw1244,Alawa,2,N99,Wilingura,Alawa | Leewillungara | Leewillungarra | Wilanggara | Wilinggura | Willangan | Willngura | Willongera | Wilungwara | Wilangarra | Wilung wara,"glottolog-name→synonym, nabu-name→synonym",177,,,
awg,Anguthimri,3,angu1242,Anguthimri,2,Y20,Anguthimri,Adumakwithi | Baatjana | Bakwithi | Bwinitanikwithi | Jupangati | Lwipanadjini | Wimaranga | Anggadimi | Angudimi | Angutimi | Gautundi | Mbadjana | Mbahjana | Mbakudi | Mbugudi | Mpakwithi | Rakudi |,"chirila:glottocode, describo, glottolog-name, nabu-name",9,,,
awg,Anguthimri,3,angu1242,Anguthimri,2,Y186,Mpakwithi,,"chirila:glottocode*, chirila:iso*",23,,,
bzr,Biri,3,biri1256,Biri,2,E56,Biri,Birigaba | Biria | Wiri | Biragaba | Birri Gubba | Biriaba | Breeaba | Perembba | Perenbba,"chirila:glottocode, chirila:iso, glottolog-name, nabu-name",143,True,,
bzr,Biri,3,biri1256,Biri,2,E57,Wiri,Wirri | Widi | Biri | Biria | Gongolo | Widi | Wierdi | Wirdi | Witi,"glottolog-name→synonym, nabu-name→synonym",247,,,
dif,Diyari,3,dier1241,Dieri,5,L17,Dieri,Diyari | Tirari | Diari | Diyeri | Dieyerie | Deerie | Dieyrie | Dthee eri | Dayerrie | Dickeri | Kunari | Koonarie | Wongkadieri | Wonkadieri | Ti:ari | Urrominna,"chirila:iso, describo, glottolog-name, nabu-name→synonym",104,True,,
dif,Diyari,3,dier1241,Dieri,5,L31,Yarluyandi,Yaluyandi | Dieri | Jeljendi | Jelujendi | Yarlijandi | Yelyuyendi | Jeljujendi | Yarleeyandee | Yelyayendi | Yarluyardi | Yelyendi,glottolog-name→synonym,292,,,
dif,Diyari,3,dier1241,Dieri,5,L33,Marula,Marrulha | Marrula | Dieri | Marulta,glottolog-name→synonym,477,,,
dif,Diyari,3,dier1241,Dieri,5,L34,Mithaka,Midhaga | Dieri | Mittaka | Mittuka | Marunga | Marrala | Marranda | Murunuta | Mi daga,glottolog-name→synonym,365,,,
dif,Diyari,3,dier1241,Dieri,5,L35,Karuwali,Garuwali | Karruwali | Dieri | Karawalla | Gara wali | Kurrawulla | Karorinje | Kuri walu | Goore,glottolog-name→synonym,467,,,
djn,Djauan,3,djau1244,Jawoyn,3,N57,Jawoyn,Jawonj | Adowen | Gundjawan | Djauan | Djauwuny | Djawin | Charmong | Chau an | Chauan | Djauun | Djauwung | Djawan | Djawanj | Djawun | Djouan | Djowan | Djowei | Jauan | Jawin | Juauan | Kumertuo | ,"chirila:glottocode, chirila:iso, describo, glottolog-name, nabu-name→synonym",27,True,,
djn,Djauan,3,djau1244,Jawoyn,3,Y71,Gugu Rarmul,Koko Rarmul | Aburarm | Aghairu | Aku | Aku Rarmal | Almook | Almura | Alwangara | Anggul | Beengeewarra | Bindaga | Bindjiwara | Djauan | Fulgola | Gugu Almura | Gujudi | Hrahmul | Jawa | Jouon | Kok,nabu-name→synonym,1198,,,
djn,Djauan,3,djau1244,Jawoyn,3,Y74,Gugu Yawa,Anggul | Fulgola | Ok Anggul | Jawa | Kokojawa | Possum Language | Agu Alwon | Kuku Yawa | Uw Anbu; Koogo yowa | Kuku Ulan | Koko Yawa | Djauan | Kokorarmul | Jouon | AkuRarmul | Bindaga,nabu-name→synonym,1194,,,
duj,Dhuwal,3,dhuw1249,Dhuwal,8,N116.F,Dätiwuy,Daatiwuy | Dhuwal | Datiwuy,"chirila:iso, glottolog-name→synonym, nabu-name→synonym",,True,,
duj,Dhuwal,3,dhuw1249,Dhuwal,8,N198,Dhuwal,Dhuwal/Dhuwala | possibly also Dhuwaya | Duwal | Murngin | Wulamba | Balamumu | Barlamomo | Barlamumu | Malag | Marlark | Arrawiya | Banjarrpuma | Bilamandji Dhurili | Durilji,"describo, glottolog-name, nabu-name",8,,,
duj,Dhuwal,3,dhuw1249,Dhuwal,8,N101,Liyagawumirr,Dhuwal | Leyagawumirr | Liagaomir | Laigajomir | Laigojomir | Galbanuk | Galwanuk | Galwangug,"glottolog-name→synonym, nabu-name→synonym",,,,
duj,Dhuwal,3,dhuw1249,Dhuwal,8,N108,Liyagalawumirr,Dhuwal | Leyagalawumirr | Liaalaomir | Laigala wumiri | Laigulawulmiree,"glottolog-name→synonym, nabu-name→synonym",,,,
duj,Dhuwal,3,dhuw1249,Dhuwal,8,N116,Dhuwaya,Dhuwal/Dhuwala | possibly also Dhuwaya | Dhuwal,"glottolog-name→synonym, nabu-name→synonym",110,,,
duj,Dhuwal,3,dhuw1249,Dhuwal,8,N116.Q,Marrangu,Dhuwal | Marangu | Marra°u | Marrango | Duwal | Marrakuli | Merango,"glottolog-name→synonym, nabu-name→synonym",,,,
duj,Dhuwal,3,dhuw1249,Dhuwal,8,N142,Marrakulu,Dhuwal | Marragulu | Marrakula | Maragulu | Duwal,"glottolog-name→synonym, nabu-name→synonym",,,,
duj,Dhuwal,3,dhuw1249,Dhuwal,8,N145,Djapu,Dhuwal | Djabu | Tjapu | Jabu | Darmaramiri | Dhamalam irr | Maradungimi | Maradanggimiri | Marrathanggi mir,"glottolog-name→synonym, nabu-name→synonym",,,,
gia,Kija,3,kitj1240,Kitja,4,K20,Gija / Kija,Kitja | Lunga | Lungga | Gidja | Kuluwarrang | Walgi | Djarak | Djerag | Gidj | Gidya | Guidj | Guwidji | Gwidji | Keha | Kidja | Kiej | Kisah | Kisha | Kityu | Kutji | Kuitj | Kuitji | Kutnalawaru | ,"chirila:glottocode, chirila:iso, glottolog-name→synonym, nabu-name",17,True,,
gia,Kija,3,kitj1240,Kitja,4,K11,Walki,Walgi | Kija | Gidja | Kitja | Kuluwarrang | Lungga,"glottolog-name→synonym, nabu-name→synonym",46,,,
gia,Kija,3,kitj1240,Kitja,4,K33,Kuluwarrang,Kitja | Guluwarin | Woljamidi | Woljamiri | Molyamidi | Kuluwara | Kulu waran | Kolaia | Arawari | Arawodi | Yamandil,glottolog-name→synonym,147,,,
gia,Kija,3,kitj1240,Kitja,4,K47,Djerag,Kitja | Kidja | Gidja | Ku:tji | Kuitji | Kuitj | Gi:dj | Kwitj | Gwidji | Guidj | Guwidji | Kisah | Keha | Kisha | Kityu | Liej | Lungga | Longga | Loonga | Langgu | Lunga | Lungu | Paljarri | Djarak,glottolog-name→synonym,,,,
gvn,Kuku-Yalanji,3,kuku1273,Kuku-Yalanji,7,Y78,Kuku Yalanji,Kuku Yalanji | Kuku Yalaja | Kuku Yelandji | Kuku yalanji | Djankun | Jungkurara | Kokojelandji | Kokokulunggur | Kokowalandja | Muluridji | Wakara | Wulpura | Booroorar | Cangoora | Chokonara | Cuegu,"chirila:glottocode, chirila:iso, glottolog-name, glottolog-name→synonym, nabu-name, nabu-name→synonym",81,True,,
gvn,Kuku-Yalanji,3,kuku1273,Kuku-Yalanji,7,Y103,Kuku Kulunggur,Kuku yalanji | Kokokulunggur | Djankun | Jungkurara | Kokojelandji | Kokowalandja | Muluridji | Wakara | Wulpura | Gulunggor | Gulunggur | Ialung | Ialuniu | Jalung | Jalunju | Koko Kulunggu | Koko ya,"glottolog-name→synonym, nabu-name→synonym",50,,,
gvn,Kuku-Yalanji,3,kuku1273,Kuku-Yalanji,7,Y104,Kuku Wakura,Kuku | Wakura | Agwamin | Wakara | Kuku yalanji | Ewamin | Wakamon | Djankun | Jungkurara | Kokojelandji | Kokokulunggur | Kokowalandja | Muluridji | Wulpura | Gugu Wagara | Koko wogura | Kookoowarra ,"glottolog-name→synonym, nabu-name→synonym",127,,,
gvn,Kuku-Yalanji,3,kuku1273,Kuku-Yalanji,7,Y109,Kuku Djangun / Djungan,Kuku | Djangun | Kuku yalanji | Djankun | Jungkurara | Kokojelandji | Kokokulunggur | Kokowalandja | Muluridji | Wakara | Wulpura | Kuku Jangkun | Djunggun | Djagun | Ngaikungu | Dyangun | Chungki | D,"glottolog-name→synonym, nabu-name→synonym",125,,,
gvn,Kuku-Yalanji,3,kuku1273,Kuku-Yalanji,7,Y81,Kuku Walandja,Koko Walandja | Kuku yalanji | Kokowalandja | Djankun | Jungkurara | Kokojelandji | Kokokulunggur | Muluridji | Wakara | Wulpura | Gangawara | Kangawara | KokoWalandja | Koko katji | Pulponara | Walla,"glottolog-name→synonym, nabu-name→synonym",,,,
gvn,Kuku-Yalanji,3,kuku1273,Kuku-Yalanji,7,Y90,Kuku Nyungkul,Kuku Njungkul | Kuku Yalanji | Gugu Nyungkul,"glottolog-name→synonym, nabu-name→synonym",29,,,
gvn,Kuku-Yalanji,3,kuku1273,Kuku-Yalanji,7,Y97,Muluridji,Kuku | Muluridyi | Kuku yalanji | Djankun | Jungkurara | Kokojelandji | Kokokulunggur | Kokowalandja | Wakara | Wulpura | Binjara | Gugu Muluridyi | Kokanodna | Koko moloroiji | koko moloroitji | Koko,"glottolog-name→synonym, nabu-name→synonym",125,,,
jay,Yan-nhangu,3,yann1237,Nhangu,4,N211,Nhangu,Nango | Nangu | Murungga | Miarrmiarr,"describo, glottolog-name",93,,,
jay,Yan-nhangu,3,yann1237,Nhangu,4,N212,Gurriyindi,Gurryindi | Nango | Gorryindi | Gurjindi,"chirila:glottocode*, chirila:iso*",,,,
jay,Yan-nhangu,3,yann1237,Nhangu,4,N72,Yan-nhangu,Yannhangu | Jarnango | Jaernungo | Janango | Jandango | Janjango | Jannangu | Jarnangu | Jarrangu | Kokolango | Yaernungo | Yandango | Yarnango | Yarrnangu | Yorngar | Nango | Yanna?u | Yaerungo | Mur,"nabu-name, nabu-name→synonym",40,,,
jay,Yan-nhangu,3,yann1237,Nhangu,4,N130,Golpa,Gorlpa | Gorlba | Gorlbu | Guba | Gulba | Kolpa | Korlpa | Miliwuru | Nango | Girrkirr | Golbu | Golba,chirila:glottocode,,,,
kgs,Kumbainggar,3,kumb1268,Kumbainggar,3,E7,Gumbaynggirr,Gumbaynggir | Kumbainggar | Gumbainggir | Baanbay | Banbai | Gamlamang | Jiegera | Kumbainggiri | Yaygir | Yuungay | Bellingen tribe | Bellinger tribe | Cambanggarie | Coombagoree | Coombangree | Coom,"chirila:glottocode, chirila:iso, glottolog-name→synonym, nabu-name→synonym",54,True,,
kgs,Kumbainggar,3,kumb1268,Kumbainggar,3,E10,Yaygirr,Kumbainggar | Gumbainggir | Jiegera/Yaygir | Baanbay | Banbai | Gamlamang | Jiegera | Kumbainggiri | Yaygir | Yuungay | Jeigir | Ji:gara | Jireigir | Jungai | Yaegl | Yegera | Yegir | Yiegera | Younga,"glottolog-name→synonym, nabu-name→synonym",30,,,
kgs,Kumbainggar,3,kumb1268,Kumbainggar,3,E8,Baanbay,Kumbainggar | Gumbainggir | Baanbay/Banbai | Banbai | Gamlamang | Jiegera | Kumbainggiri | Yaygir | Yuungay | Ahnbi | Babnbi | Baanbay Ahnbi | Dandai | Bahnbi,"glottolog-name→synonym, nabu-name→synonym",82,,,
nay,Ngarrindjeri,3,narr1259,Narrinyeri,9,S69,Ngarrindjeri,Ngarrindjeri | Narrinyeri | Jarildukald | Meintangk | Pirtulun | Ramindjeri | Tanganukald | Warki | Alkaiyana | Koiyana | Kokkaiya | Korariga | Kororega | Kowrarega | Narrinjeri | Wathai yunu | Ngarin,"chirila:glottocode, chirila:iso, glottolog-name→synonym, nabu-name, nabu-name→synonym",96,,,
nay,Ngarrindjeri,3,narr1259,Narrinyeri,9,S8,Yaraldi,Yaralde | Yaralde Tingar | Narrinyeri | Jaralde | Jaraldi | Jarildekald | Jarildi | Jarildikald | Lakalinyeri | Narrinyerree | Narrinjeri | Narrinyerrie | Pitta | Pitta pitta | Warawalde | Yalawarre |,"chirila:glottocode, chirila:iso, glottolog-name→synonym",112,,,
nay,Ngarrindjeri,3,narr1259,Narrinyeri,9,G6,Pitta Pitta,Pitha Pitha | Karanja | Kungkalenja | Pitapita | Rakkaia | Ringaringa | Bida Bida | Bidabida | Bitta Bitta | Bittha Bittha | Narrinyeri | Paruru | PittaPitta | Pittapitta | Ramindjerar | Ramindjeri | ,glottolog-name→synonym,1513,,,
nay,Ngarrindjeri,3,narr1259,Narrinyeri,9,S1,Warki,"Ngarrindjeri | Jarildukald | Meintangk | Pirtulun | Ramindjeri | Tanganukald | Gorawalun | Koraulun | Korowalle | ""Milang dialect"" Wakend | Warkend | Wargi | Wakend | Milang dialect",nabu-name→synonym,146,,,
nay,Ngarrindjeri,3,narr1259,Narrinyeri,9,S11,Tanganekald,Tangane | Ngarrindjeri | Tanganukald | Jarildukald | Meintangk | Pirtulun | Ramindjeri | Warki | Danganalun | Milmenrura | Polenjunga | Portaruwutj | Potangola | Narrinjeri | Taloinjunga | Tanganalum ,nabu-name→synonym,55,,,
nay,Ngarrindjeri,3,narr1259,Narrinyeri,9,S14,Meintangk,Ngarrindjeri | Jarildukald | Pirtulun | Ramindjeri | Tanganukald | Warki | Djadjala | Meintank | Painbali | Wergaia | Meindangg | Meinta:ngk | Paintjunga | Pinchunga | Pinejunga | Mootatunga | Wepulpr,nabu-name→synonym,,,,
nay,Ngarrindjeri,3,narr1259,Narrinyeri,9,S19,Yuyu,Ngarrket | Narrinyeri | Jarijari | Jere jere | Juju | Nyerri nyerri | Yairy yairy | Yari yari | Yariki luk | Yarikiluk | Yariyari | Yarre yarre | Yarree Yarree | Yarreyarre | Yerre Yerre | Yerreyerre ,glottolog-name→synonym,249,,,
nay,Ngarrindjeri,3,narr1259,Narrinyeri,9,S2,Ramindjeri,Ngarrindjeri | Jarildukald | Meintangk | Pirtulun | Tanganukald | Warki | Ramindjerar | Ramingara | Raminyeri | Ramong | Tarbanawulun | Tarbanawalun | Ramindjari | Raminjeri | Rormear | Wirramu mejo |,nabu-name→synonym,156,,,
nay,Ngarrindjeri,3,narr1259,Narrinyeri,9,S7,Ngayawang,Narrinyeri | Meru | Ngaiawung | Ngawait | Erawirungand | Rankbirit | Ngintait | Ngaralta | Nganguruku | Aiawong | Aiawung | Ajawung | Birta | Iawung | Karn brikolenbola | Moorunde | Moorundee | Moorun,glottolog-name→synonym,212,,,
nlw,Walangama,3,wala1263,Walangama,2,G36,Walangama,Bugulmara | Karan | Wahlongman | Wallankammer | Wallenkammer | Wollangama | Wollongurmee | Wallan kammer,"chirila:glottocode, describo, glottolog-name, nabu-name",67,True,,
nlw,Walangama,3,wala1263,Walangama,2,G22,Balgalu,Walangama | Bugulmara | Boogoolmurra,"glottolog-name→synonym, nabu-name→synonym",,,,
tbf,Mandara,3,mand1440,Mandara,2,A96,Mandara,,"describo, glottolog-name, nabu-name",4194,,,
tbf,Mandara,3,mand1440,Mandara,2,A53,Banyjima,Banyjima | Panyjima | Panjtjima | Panytyima | Banjima | Bandjima | Mandanjongo | Papupadu | BanjimaBanyjima | Mandara | Paanjima | Pandima | Pandjima | Panjima | PanyjimaBanydyima,"glottolog-name→synonym, nabu-name→synonym",4244,,,
wgu,Wirangu,3,wira1265,Wirangu,2,C1,Wirangu,Hilleri | Jilbara | Naljara | Ngoleiadjara | Nonga | Tidni | Tidnie | Titnie | Wanbiri | Wangon | Warrangoo | Willeuroo | Windakan | Wirangga | Wirongu | Wirrongu | Wirrung | Wirrunga | Yilrea | Weeru,"chirila:glottocode, describo, glottolog-name, nabu-name",69,True,,
wgu,Wirangu,3,wira1265,Wirangu,2,L2,Nauo / Nawu,Nhawu | Wirangu | Battara | Gnowoo | Growoo | Hilleri | Kadu | Kartwongulta | Naua | Nawa | Nawo | Ngao | Njao | Njau | Nowo | Wiljaru | Willuro | Kartawon gulta,"glottolog-name→synonym, nabu-name→synonym",232,,,
xwd,Wadi Wadi,3,wadi1260,Wadi Wadi,3,D4,Wadi Wadi,Wati Wati | Biangil | Dacournditch | Darty Darty | Nimp mam wern | Ta ta thi | Ta tathi | Taa tatty | Tar tarthee | Tatatha | Tataty | Tatitati | Tunggut | Wadiwadi | Wathiwathi | Wathi Wathi | Watiwa,"describo, glottolog-name, glottolog-name→synonym, nabu-name, nabu-name→synonym",109,,,
xwd,Wadi Wadi,3,wadi1260,Wadi Wadi,3,D67,Wadi Wadi (piangil),,"glottolog-name, nabu-name",,,,
xwd,Wadi Wadi,3,wadi1260,Wadi Wadi,3,S58,Southern Dharawal,Wodi Wodi | Thurawal | Tharawal | Wodiwodi | Dharawal | Illawarra | Wadiwadi | Woddi Woddi | Wudi Wudi | Wodi wodi,"glottolog-name→synonym, nabu-name→synonym",,,,
yij,Yindjibarndi,3,yind1247,Yindjibarndi,2,W37,Yindjibarndi,Yinjtjiparnrti | Burnugundi | Indjibandi | Jaurnmalu | Mandanjingu | Binjiebandie | Een ge pan ty | Indjiban | Indjibandje | Indjibandji | Ingibandi | Injibandi | Jana:ri | Jindiparndi | Jindjaparndi ,"describo, glottolog-name, nabu-name",92,,,
yij,Yindjibarndi,3,yind1247,Yindjibarndi,2,G14,Indjilandji,Yindjilandji | Indjilandji; Inchalachee | Inchalanchee | Indjilindji | Indjurandji | Indkilindji | Injilinji | Intjilatja | Indjilinji; Inchalachee | Indilandji | Indjilinji | Gulbilangu | Inchalanchi,"chirila:glottocode, chirila:iso",2145,True,,
ywg,Yinhawangka,3,yinh1234,Yinhawangka,2,A48,Ngarla,Yinhawangka | Panytyima | Inawonga | Inawangga | Inawonga for Inawongga | Ngaunmardi | Nalawonga | Ngalawongga | Ngalawonga | Ngarla warngga | Southern Padima for Ninanu,"chirila:iso, glottolog-name→synonym, nabu-name→synonym",98,True,,
ywg,Yinhawangka,3,yinh1234,Yinhawangka,2,A79,Yinhawangka / Innawonga,Ngarluwangka | Panytyima | Ngalawonga,"describo, glottolog-name, nabu-name",230,,,
ywr,Yawuru,3,yawu1244,Yawuru,4,K1,Yawuru,Yawur | Djauor | Jauor | Jawuru | Yawoorroo | Gawor | Jaoro | Jauro | Jauur | Kakudu Kakudu | Nawudu | Yaora | Yaoro | Yaoru | Yaroro | Yauera | Yauor | Yauro | Yawur | Yawuri | Yawurr,"describo, glottolog-name, nabu-name",10,,,
ywr,Yawuru,3,yawu1244,Yawuru,4,K48,Julbayi,,"chirila:glottocode*, chirila:iso*",27,,,
ywr,Yawuru,3,yawu1244,Yawuru,4,K53,Yawijibaya,Yawidjibara | Yawuru | Yawjibara | Worora | Jaudjibaia | Jaudibaia | Jaudjibara | Jawdjibaia | Jawdjibara | Yaudjibara | Yaudjibaia | Alternative names: | Jawadjag | Winjawindjagu | Yawjibarra | Yauji,"glottolog-name→synonym, nabu-name→synonym",269,,,
ywr,Yawuru,3,yawu1244,Yawuru,4,K2,Jugun,Jukun | Dyugun | Djugun | Djurgun | Djukan | Jukan | Djugan | Tjugun | Tjukun | Djukun | Tjugan | Tjunung | Kularrabulu | Jukannganga,chirila:iso,36,,,
pii,Pini,1,pini1248,Pini,4,A102,Pindiini,Wangkatha | Bindinini | Pindini | Pintiini | Wangkathaa | Maduwongga | Ngurlu | Waljen | Wanggaji | Wangkayi | Bindunda | Pini | Wangaga | Wanggada | Wonga | Wongai i | Wongaidya | Wongaii | Wonggai |,"glottolog-name→synonym, nabu-name→synonym",639,,,
pii,Pini,1,pini1248,Pini,4,A12,Wangkatha,Wangatja | dialect of The Western Desert language | Wangkathaa | Maduwongga | Ngurlu | Waljen | Wanggaji | Wangkayi | Pindini | Bindinini | Bindunda | Pindiini | Pini | Wangaga | Wanggada | Wonga | Wo,"glottolog-name→synonym, nabu-name→synonym",331,,,
pii,Pini,1,pini1248,Pini,4,A25,Birniridjara,Pini | Nana | Badu | Bandjanu | Banjanu | Barduwonga | Bawndudjara | Bini | Biniridjara | Birni | Budidjara | Bududjara | Buranudjara | Buurdidyara | Jabura | Kaltalbudara | Kaltalbudjara | Kaltalbudj,"glottolog-name→synonym, nabu-name→synonym",,,,
pii,Pini,1,pini1248,Pini,4,A37,Nanadjara,Nana | Pini | I:nabadanggural | Kalgo nei | Kalgoneidjara | Kalguni | Nangand jara | Nangaridjara | Ngan:adjara | Nganadjara | Jumudjara | Ngatari | Nona,"glottolog-name→synonym, nabu-name→synonym",170,,,
zma,Manda,1,mand1416,Manda (Australia),5,G12,Ayerrerenge,Bularnu | Jaroinga | Yaroinga | Jaroinga; Jurangka | Manda | Yaringa | Yarroinga | Yarrowin | Yorrawinga | Jaroinga; Jarionga | Yaro inga | Yarrowinga | Juruwinga | Yaruwinga | Ayerrerenge | Yorrowing,"glottolog-name→synonym, nabu-name→synonym",1174,,,
zma,Manda,1,mand1416,Manda (Australia),5,G12.1,Bularnu,Warluwarra Bularnu | Yindjilandji | Bulanu | Manda | Pulanja | Bulanja,"glottolog-name→synonym, nabu-name→synonym",1183,,,
zma,Manda,1,mand1416,Manda (Australia),5,K36,Gunin,Kwini | Kimberley Area Languages | Belaa | Kunan | Pela | Wirngir | Galumburu | Guini | Gwini | Pelah | Wadaja | Walar | Winggir | Wola | Wular | Cuini | Miwa | Konun | Konan | Konin | Gonin | Kaianu ,"glottolog-name→synonym, nabu-name→synonym",263,,,
zma,Manda,1,mand1416,Manda (Australia),5,K44,Miwa,Bagu | Arnhem Land | Daly River Region Languages | Pela | Boola | Caloombooroo | Galumburu | Gonin | Gunan | Kaianu | Kalumbura | Kianu | Konan | Konin | Konun | Koonange | Kuna | Kunange | Kyanoo | M,"glottolog-name→synonym, nabu-name→synonym",311,,,
zma,Manda,1,mand1416,Manda (Australia),5,K46,Manungu,Miwa | Konun | Konan | Konin | Gonin | Kaianu | Kianu | Kyanoo | Murgura | Kuna | Kunange | Gunan | Koonange | Mande | Manda | Pago | Bagu | Ba:gu | Manunggu | Galumburu | Kalumbura | Caloombooroo | W,"glottolog-name→synonym, nabu-name→synonym",,,,
