iso639_3,nabu_name,usage,retired_in_nabu,gap,detail,decision,notes
msa,Malay,180,False,macrolanguage,"37 member languages: bjn=banj1239 btj=baca1243 bve=bera1262 bvu=buki1247 coa=coco1260 dup=duan1242 hji=haji1235 ind=indo1316 jak=jaku1244 jax=jamb1236 kvb=kubu1239 kvr=keri1250 kxd=brun1242 lce=lonc1237 lcf=lubu1241 liw=coll1240 max=nort2828 meo=keda1251 mfa=patt1249 mfb=bang1365 min=mina1268 mly=mala1546 (retired) mqg=kota1275 msi=saba1263 mui=musi1241 orn=oran1258 ors=oran1259 pel=peka1242 pse=cent2053 tmw=temu1239 urk=urak1238 vkk=kaur1269 vkt=teng1267 xmm=mala1481 zlm=mala1479 zmi=nege1240 zsm=stan1306; Glottolog languoid named the same: mala1492, mala1546",,
zho,Chinese,16,False,macrolanguage,19 member languages: cdo=mind1253 cjy=jiny1235 cmn=mand1415 cnp=nort3268 cpx=puxi1243 csp=sout3250 czh=huiz1242 czo=minz1235 gan=ganc1239 hak=hakk1236 hnm=hain1238 hsn=xian1251 luh=leiz1236 lzh=lite1248 mnp=minb1236 nan=minn1241 sjc=shao1234 wuu=wuch1236 yue=yuec1235,,
mlg,Malagasy,14,False,macrolanguage,12 member languages: bhr=bara1369 bjq=sout3125 (retired) bmm=nort2890 bzc=sout2920 msh=masi1268 plt=plat1254 skg=saka1291 tdx=tand1256 tkg=tesa1236 txy=tano1246 xmv=anta1255 xmw=tsim1257,,
ori,Oriya,12,False,macrolanguage,2 member languages: ory=oriy1255 spv=samb1325,,
est,Estonian,5,False,macrolanguage,2 member languages: ekk=esto1258 vro=sout2679; Glottolog languoid named the same: esto1258,,
bik,Bikol,3,False,macrolanguage,9 member languages: bcl=cent2087 bhk=alba1269 (retired) bln=sout2912 bto=irig1242 cts=nort2883 fbl=oass1237 lbl=libo1242 rbl=dara1251 ubl=buhi1243; Glottolog languoid named the same: biko1240,,
fas,Persian,2,False,macrolanguage,2 member languages: pes=west2369 prs=dari1249,,
ara,Arabic,0,False,macrolanguage,30 member languages: aao=alge1240 abh=taji1248 abv=baha1259 acm=meso1252 acq=taiz1242 acw=hija1235 acx=oman1239 acy=cypr1248 adf=dhof1235 aeb=tuni1259 aec=said1239 afb=gulf1241 ajp=sout3123 (retired) apc=nort3139 apd=suda1236 arb=stan1318 arq=alge1239 ars=najd1235 ary=moro1292 arz=egyp1253 auz=uzbe1248 avl=east2690 ayh=hadr1236 ayl=liby1240 ayn=sana1295 ayp=nort3142 bbz=baba1273 (retired) pga=suda1237 shu=chad1249 ssh=shih1239; Glottolog languoid named the same: arab1395,,
aze,Azerbaijani,0,False,macrolanguage,2 member languages: azb=sout2697 azj=nort2697,,
bal,Baluchi,0,False,macrolanguage,3 member languages: bcc=sout2642 bgn=west2368 bgp=east2304,,
gba,Gbaya,0,False,macrolanguage,7 member languages: bdt=boko1261 gbp=gbay1287 gbq=gbay1286 gmm=gbay1281 gso=sout2785 gya=nort2775 mdo=sout3222 (retired),,
grn,Guarani,0,False,macrolanguage,5 member languages: gnw=west2640 gug=para1311 gui=east2555 gun=mbya1239 nhd=chir1286,,
hmn,Hmong,0,False,macrolanguage,26 member languages: blu=hmon1338 (retired) cqd=chua1256 hea=nort2747 hma=sout1556 hmc=cent2013 hmd=larg1235 hme=east2372 hmg=sout2756 hmh=sout2755 hmi=nort2749 hmj=geee1239 hml=luop1235 hmm=cent1394 hmp=nort1546 hmq=east2370 hms=sout2754 hmw=west1507 hmy=sout1555 hmz=hmon1331 hnj=hmon1264 hrm=horn1235 huj=nort1545 mmr=west2430 muq=east2371 mww=hmon1333 sfm=smal1236,,
iku,Inuktitut,0,False,macrolanguage,2 member languages: ike=east2534 ikt=west2618,,
jrb,Judeo-Arabic,0,False,macrolanguage,5 member languages: ajt=jude1263 (retired) aju=jude1265 jye=jude1267 yhd=jude1266 yud=jude1264,,
kau,Kanuri,0,False,macrolanguage,3 member languages: kby=mang1399 knc=cent2050 krt=tuma1248,,
kok,Konkani,0,False,macrolanguage,2 member languages: gom=goan1235 knn=konk1267; Glottolog languoid named the same: konk1265,,
kon,Kongo,0,False,macrolanguage,3 member languages: kng=koon1244 kwy=sans1272 ldi=laar1238,,
kpe,Kpelle,0,False,macrolanguage,2 member languages: gkp=guin1254 xpe=libe1247; Glottolog languoid named the same: kpel1252,,
lah,Lahnda,0,False,macrolanguage,8 member languages: hnd=sout2668 hno=nort2662 jat=jaka1245 phr=paha1251 pmu=mirp1238 (retired) pnb=west2386 skr=sera1259 xhe=khet1238,,
luy,Oluluyia,0,False,macrolanguage,14 member languages: bxk=buku1249 ida=idak1243 lkb=kabr1240 lko=khay1238 lks=kisa1263 lri=mara1393 lrm=mara1392 lsm=saam1283 lto=tsot1241 lts=tach1242 lwg=wang1294 nle=east2409 nyd=nyor1244 rag=logo1258; Glottolog languoid named the same: luyi1234,,
man,Mandingo,0,False,macrolanguage,7 member languages: emk=east2426 mku=kony1250 mlq=west2500 mnk=mand1436 msc=sank1253 mwk=kita1249 myq=fore1268 (retired),,
mwr,Marwari,0,False,macrolanguage,"6 member languages: dhd=dhun1238 mtr=mewa1249 mve=marw1256 rwr=marw1260 swv=shek1243 wry=merw1238; Glottolog languoid named the same: marw1256, marw1260",,
oji,Ojibwa,0,False,macrolanguage,7 member languages: ciw=chip1241 ojb=nort2961 ojc=cent2136 ojg=east2542 ojs=seve1240 ojw=west1510 otw=otta1242; Glottolog languoid named the same: ojib1241,,
orm,Oromo,0,False,macrolanguage,4 member languages: gax=bora1271 gaz=west2721 hae=east2652 orc=orma1241,,
que,Quechua,0,False,macrolanguage,44 member languages: cqu=chil1283 (retired) qub=hual1241 qud=cald1236 quf=lamb1276 qug=chim1302 quh=sout2991 quk=chac1250 qul=nort2976 qup=sout2990 qur=yana1272 qus=sant1432 quw=tena1240 qux=yauy1235 quy=ayac1239 quz=cusc1236 qva=ambo1252 qvc=caja1238 qve=east2551 qvh=huam1248 qvi=imba1240 qvj=loja1235 qvl=caja1239 qvm=marg1254 qvn=nort2980 qvo=napo1242 qvp=paca1245 qvs=sanm1289 qvw=huay1241 qvz=nort2973 qwa=coro1247 qwc=clas1251 qwh=huay1240 qws=sihu1235 qxa=chiq1249 qxc=chin1483 qxh=pana1306 qxl=sala1272 qxn=nort2979 qxo=sout2992 qxp=puno1238 qxr=cana1262 qxt=sant1433 qxu=areq1237 qxw=jauj1238,,
raj,Rajasthani,0,False,macrolanguage,6 member languages: bgq=bagr1243 gda=gade1236 gju=guja1253 hoj=hado1235 mup=malv1243 wbr=wagd1238; Glottolog languoid named the same: raja1256,,
srd,Sardinian,0,False,macrolanguage,4 member languages: sdc=sass1235 sdn=gall1276 src=logu1236 sro=camp1261,,
swa,Swahili,0,False,macrolanguage,"2 member languages: swc=cong1236 swh=swah1253; Glottolog languoid named the same: swah1253, swah1254",,
syr,Syriac,0,False,macrolanguage,2 member languages: aii=assy1241 cld=chal1275,,
yid,Yiddish,0,False,macrolanguage,2 member languages: ydd=east2295 yih=west2361,,
wky,Wangkayutyuru,34,False,no glottocode for ISO,"ISO Wangkayutyuru (scope I, type E); no Glottolog languoid with the same name",,
lnw,Lanima,5,False,no glottocode for ISO,"ISO Lanima (scope I, type E); no Glottolog languoid with the same name",,
ylb,Yaleba,2,False,no glottocode for ISO,"ISO Yaleba (scope I, type L); Glottolog languoids with the same name: yale1245 (dialect)",,
dja,Djadjawurrung,0,False,no glottocode for ISO,"ISO Djadjawurrung (scope I, type E); no Glottolog languoid with the same name",,
dth,Adithinngithigh,0,False,no glottocode for ISO,"ISO Adithinngithigh (scope I, type E); no Glottolog languoid with the same name",,
eaa,Karenggapa,0,False,no glottocode for ISO,"ISO Karenggapa (scope I, type E); no Glottolog languoid with the same name",,
gdt,Kungardutyi,0,False,no glottocode for ISO,"ISO Kungardutyi (scope I, type E); no Glottolog languoid with the same name",,
ntg,Ngantangarra,0,False,no glottocode for ISO,"ISO Ngantangarra (scope I, type E); no Glottolog languoid with the same name",,
nwg,Ngayawung,0,False,no glottocode for ISO,"ISO Ngayawung (scope I, type E); no Glottolog languoid with the same name",,
wdy,Wadjabangayi,0,False,no glottocode for ISO,"ISO Wadjabangayi (scope I, type E); no Glottolog languoid with the same name",,
xbd,Bindal,0,False,no glottocode for ISO,"ISO Bindal (scope I, type E); no Glottolog languoid with the same name",,
xgi,Garingbal,0,False,no glottocode for ISO,"ISO Garingbal (scope I, type E); no Glottolog languoid with the same name",,
xnk,Nganakarti,0,False,no glottocode for ISO,"ISO Nganakarti (scope I, type E); no Glottolog languoid with the same name",,
xnu,Nukunul,0,False,no glottocode for ISO,"ISO Nukunul (scope I, type E); no Glottolog languoid with the same name",,
xrg,Minang,0,False,no glottocode for ISO,"ISO Minang (scope I, type E); no Glottolog languoid with the same name",,
ygi,Yiningayi,0,False,no glottocode for ISO,"ISO Yiningayi (scope I, type E); no Glottolog languoid with the same name",,
yhs,Yan-nhangu Sign Language,0,False,no glottocode for ISO,"ISO Yan-nhaŋu Sign Language (scope I, type L); no Glottolog languoid with the same name",,
ynb,Yamben,0,False,no glottocode for ISO,"ISO Yamben (scope I, type L); Glottolog languoids with the same name: yamb1257 (language)",,
yty,Yatay,0,False,no glottocode for ISO,"ISO Yatay (scope I, type E); no Glottolog languoid with the same name",,
yxa,Mayawali,0,False,no glottocode for ISO,"ISO Mayawali (scope I, type E); no Glottolog languoid with the same name",,
wra,Warapu,103,False,retired in ISO,"retired 2021-01-15 reason S; remedy: Split into Bauni [bpe], Uni [uni] and Bouni [suo]",,
uun,Kulon-Pazeh,25,False,retired in ISO,retired 2022-01-20 reason S; remedy: Split into Kulon [uon] and Pazeh [pzh],,
bij,Vaghat-Ya-Bijim-Legeri,3,False,retired in ISO,"retired 2021-01-15 reason S; remedy: Split into Tiyaa [tyy], Bijim [jbm] and Kadung [dkg].",,
plj,Polci,3,False,retired in ISO,"retired 2023-01-20 reason S; remedy: Split into Pesse [pze], Nyamzak-Dir-Mbarimi [nzr], Zul [zlu], and Buli [uly]",,
cug,Cung,0,False,retired in ISO,retired 2022-01-20 reason S; remedy: Split into Chung [cnq] and Mbuk [bpc],,
ekc,"Karnic, Eastern",0,False,retired in ISO,retired 2020-01-23 reason N; remedy: ,,
gfx,Mangetti Dune !Xung,0,False,retired in ISO,retired 2015-01-12 reason M; changed to vaj (vase1234),,
ggo,"Gondi, Southern",0,False,retired in ISO,retired 2016-01-15 reason S; remedy: Split into [esg] Aheri Gondi and [wsg] Adilabad Gondi,,
gji,Geji,0,False,retired in ISO,"retired 2021-01-15 reason S; remedy: Split into Gyaazi [gyz], and Bu (Bauchi State) [zbu]",,
kgc,Kasseng,0,False,retired in ISO,retired 2016-01-15 reason D; changed to tdf (tali1257),,
kpp,"Karen, Paku (retired)",0,True,retired in ISO,retired 2012-02-03 reason S; remedy: Split into Paku Karen [jkp] and Mobwa Karen [jkm],,
leg,Lengua,0,False,retired in ISO,retired 2014-02-03 reason S; remedy: Split into Enlhet [enl] and Enxet [enx],,
mvm,Muya,0,False,retired in ISO,retired 2021-01-15 reason S; remedy: Split into Eastern Minyag [emq] and Western Minyag [wmg],,
mwd,Mudbura (retired),0,True,retired in ISO,retired 2013-01-23 reason S; remedy: Split into Karranga [xrq] and Mudburra [dmw],,
ngo,Ngoni,0,False,retired in ISO,retired 2021-01-15 reason S; remedy: Split into Ngoni (Tanzania) [xnj] and Ngoni (Mozambique) [xnq],,
xrq,Karranga,0,False,retired in ISO,retired 2020-01-23 reason M; changed to dmw (mudb1240),,
zua,Zeem,0,False,retired in ISO,"retired 2023-01-20 reason S; remedy: Split into [tvi] Tulai, [dyr] Dyarim, [dsk] Dokshi, [cxh] Cha'ari, and [zem] Zeem",,
zxx,No linguistic content,4579,False,special code,ISO special code (no linguistic content); no Glottolog equivalent by design,,
und,Undetermined language,1039,False,special code,ISO special code (undetermined); no Glottolog equivalent by design,,
mul,Multiple languages,389,True,special code,ISO special code (multiple languages); no Glottolog equivalent by design,,
